{
"type": "FeatureCollection",
"name": "passara_grid_1km_index",
"crs": { "type": "name", "properties": { "name": "urn:ogc:def:crs:EPSG::32644" } },
"features": [
{ "type": "Feature", "properties": { "grid_id": "0_0", "n_landslides": 0.0, "total_area_m2": 0.0, "mean_compactness": 0.58495690026143277, "density_km2": 0.0, "HLD_norm": 0.0, "MAG_norm": 0.0, "CHAN_norm": 0.41472604691511072, "LS_LRSI": 8.2945209383022149, "risk_class": "Low" }, "geometry": { "type": "Polygon", "coordinates": [ [ [ 505838.400959495396819, 767698.593996203271672 ], [ 505838.400959495396819, 768698.593996203271672 ], [ 504838.400959495396819, 768698.593996203271672 ], [ 504838.400959495396819, 767698.593996203271672 ], [ 505838.400959495396819, 767698.593996203271672 ] ] ] } },
{ "type": "Feature", "properties": { "grid_id": "0_1", "n_landslides": 0.0, "total_area_m2": 0.0, "mean_compactness": 0.58495690026143277, "density_km2": 0.0, "HLD_norm": 0.0, "MAG_norm": 0.0, "CHAN_norm": 0.41472604691511072, "LS_LRSI": 8.2945209383022149, "risk_class": "Low" }, "geometry": { "type": "Polygon", "coordinates": [ [ [ 505838.400959495396819, 768698.593996203271672 ], [ 505838.400959495396819, 769698.593996203271672 ], [ 504838.400959495396819, 769698.593996203271672 ], [ 504838.400959495396819, 768698.593996203271672 ], [ 505838.400959495396819, 768698.593996203271672 ] ] ] } },
{ "type": "Feature", "properties": { "grid_id": "0_2", "n_landslides": 0.0, "total_area_m2": 0.0, "mean_compactness": 0.58495690026143277, "density_km2": 0.0, "HLD_norm": 0.0, "MAG_norm": 0.0, "CHAN_norm": 0.41472604691511072, "LS_LRSI": 8.2945209383022149, "risk_class": "Low" }, "geometry": { "type": "Polygon", "coordinates": [ [ [ 505838.400959495396819, 769698.593996203271672 ], [ 505838.400959495396819, 770698.593996203271672 ], [ 504838.400959495396819, 770698.593996203271672 ], [ 504838.400959495396819, 769698.593996203271672 ], [ 505838.400959495396819, 769698.593996203271672 ] ] ] } },
{ "type": "Feature", "properties": { "grid_id": "0_3", "n_landslides": 0.0, "total_area_m2": 0.0, "mean_compactness": 0.58495690026143277, "density_km2": 0.0, "HLD_norm": 0.0, "MAG_norm": 0.0, "CHAN_norm": 0.41472604691511072, "LS_LRSI": 8.2945209383022149, "risk_class": "Low" }, "geometry": { "type": "Polygon", "coordinates": [ [ [ 505838.400959495396819, 770698.593996203271672 ], [ 505838.400959495396819, 771698.593996203271672 ], [ 504838.400959495396819, 771698.593996203271672 ], [ 504838.400959495396819, 770698.593996203271672 ], [ 505838.400959495396819, 770698.593996203271672 ] ] ] } },
{ "type": "Feature", "properties": { "grid_id": "0_4", "n_landslides": 0.0, "total_area_m2": 0.0, "mean_compactness": 0.58495690026143277, "density_km2": 0.0, "HLD_norm": 0.0, "MAG_norm": 0.0, "CHAN_norm": 0.41472604691511072, "LS_LRSI": 8.2945209383022149, "risk_class": "Low" }, "geometry": { "type": "Polygon", "coordinates": [ [ [ 505838.400959495396819, 771698.593996203271672 ], [ 505838.400959495396819, 772698.593996203271672 ], [ 504838.400959495396819, 772698.593996203271672 ], [ 504838.400959495396819, 771698.593996203271672 ], [ 505838.400959495396819, 771698.593996203271672 ] ] ] } },
{ "type": "Feature", "properties": { "grid_id": "0_5", "n_landslides": 0.0, "total_area_m2": 0.0, "mean_compactness": 0.58495690026143277, "density_km2": 0.0, "HLD_norm": 0.0, "MAG_norm": 0.0, "CHAN_norm": 0.41472604691511072, "LS_LRSI": 8.2945209383022149, "risk_class": "Low" }, "geometry": { "type": "Polygon", "coordinates": [ [ [ 505838.400959495396819, 772698.593996203271672 ], [ 505838.400959495396819, 773698.593996203271672 ], [ 504838.400959495396819, 773698.593996203271672 ], [ 504838.400959495396819, 772698.593996203271672 ], [ 505838.400959495396819, 772698.593996203271672 ] ] ] } },
{ "type": "Feature", "properties": { "grid_id": "0_6", "n_landslides": 0.0, "total_area_m2": 0.0, "mean_compactness": 0.58495690026143277, "density_km2": 0.0, "HLD_norm": 0.0, "MAG_norm": 0.0, "CHAN_norm": 0.41472604691511072, "LS_LRSI": 8.2945209383022149, "risk_class": "Low" }, "geometry": { "type": "Polygon", "coordinates": [ [ [ 505838.400959495396819, 773698.593996203271672 ], [ 505838.400959495396819, 774698.593996203271672 ], [ 504838.400959495396819, 774698.593996203271672 ], [ 504838.400959495396819, 773698.593996203271672 ], [ 505838.400959495396819, 773698.593996203271672 ] ] ] } },
{ "type": "Feature", "properties": { "grid_id": "0_7", "n_landslides": 0.0, "total_area_m2": 0.0, "mean_compactness": 0.58495690026143277, "density_km2": 0.0, "HLD_norm": 0.0, "MAG_norm": 0.0, "CHAN_norm": 0.41472604691511072, "LS_LRSI": 8.2945209383022149, "risk_class": "Low" }, "geometry": { "type": "Polygon", "coordinates": [ [ [ 505838.400959495396819, 774698.593996203271672 ], [ 505838.400959495396819, 775698.593996203271672 ], [ 504838.400959495396819, 775698.593996203271672 ], [ 504838.400959495396819, 774698.593996203271672 ], [ 505838.400959495396819, 774698.593996203271672 ] ] ] } },
{ "type": "Feature", "properties": { "grid_id": "0_8", "n_landslides": 0.0, "total_area_m2": 0.0, "mean_compactness": 0.58495690026143277, "density_km2": 0.0, "HLD_norm": 0.0, "MAG_norm": 0.0, "CHAN_norm": 0.41472604691511072, "LS_LRSI": 8.2945209383022149, "risk_class": "Low" }, "geometry": { "type": "Polygon", "coordinates": [ [ [ 505838.400959495396819, 775698.593996203271672 ], [ 505838.400959495396819, 776698.593996203271672 ], [ 504838.400959495396819, 776698.593996203271672 ], [ 504838.400959495396819, 775698.593996203271672 ], [ 505838.400959495396819, 775698.593996203271672 ] ] ] } },
{ "type": "Feature", "properties": { "grid_id": "0_9", "n_landslides": 1.0, "total_area_m2": 2035.4060453666468, "mean_compactness": 0.79332606522238491, "density_km2": 1.0, "HLD_norm": 0.021276595744228161, "MAG_norm": 0.6741351989796831, "CHAN_norm": 0.14637305692908864, "LS_LRSI": 24.215346895183671, "risk_class": "Medium" }, "geometry": { "type": "Polygon", "coordinates": [ [ [ 505838.400959495396819, 776698.593996203271672 ], [ 505838.400959495396819, 777698.593996203271672 ], [ 504838.400959495396819, 777698.593996203271672 ], [ 504838.400959495396819, 776698.593996203271672 ], [ 505838.400959495396819, 776698.593996203271672 ] ] ] } },
{ "type": "Feature", "properties": { "grid_id": "0_10", "n_landslides": 3.0, "total_area_m2": 21788.255163918395, "mean_compactness": 0.19078607434621034, "density_km2": 3.0, "HLD_norm": 0.063829787232684482, "MAG_norm": 0.88385668298257569, "CHAN_norm": 0.92236795122197901, "LS_LRSI": 48.154548875551072, "risk_class": "Very High" }, "geometry": { "type": "Polygon", "coordinates": [ [ [ 505838.400959495396819, 777698.593996203271672 ], [ 505838.400959495396819, 778698.593996203271672 ], [ 504838.400959495396819, 778698.593996203271672 ], [ 504838.400959495396819, 777698.593996203271672 ], [ 505838.400959495396819, 777698.593996203271672 ] ] ] } },
{ "type": "Feature", "properties": { "grid_id": "0_11", "n_landslides": 1.0, "total_area_m2": 1241.8453625683055, "mean_compactness": 0.27964394867301762, "density_km2": 1.0, "HLD_norm": 0.021276595744228161, "MAG_norm": 0.63044454132186667, "CHAN_norm": 0.80793030751462214, "LS_LRSI": 36.135772177159851, "risk_class": "High" }, "geometry": { "type": "Polygon", "coordinates": [ [ [ 505838.400959495396819, 778698.593996203271672 ], [ 505838.400959495396819, 779698.593996203271672 ], [ 504838.400959495396819, 779698.593996203271672 ], [ 504838.400959495396819, 778698.593996203271672 ], [ 505838.400959495396819, 778698.593996203271672 ] ] ] } },
{ "type": "Feature", "properties": { "grid_id": "0_12", "n_landslides": 0.0, "total_area_m2": 0.0, "mean_compactness": 0.58495690026143277, "density_km2": 0.0, "HLD_norm": 0.0, "MAG_norm": 0.0, "CHAN_norm": 0.41472604691511072, "LS_LRSI": 8.2945209383022149, "risk_class": "Low" }, "geometry": { "type": "Polygon", "coordinates": [ [ [ 505838.400959495396819, 779698.593996203271672 ], [ 505838.400959495396819, 780698.593996203271672 ], [ 504838.400959495396819, 780698.593996203271672 ], [ 504838.400959495396819, 779698.593996203271672 ], [ 505838.400959495396819, 779698.593996203271672 ] ] ] } },
{ "type": "Feature", "properties": { "grid_id": "0_13", "n_landslides": 0.0, "total_area_m2": 0.0, "mean_compactness": 0.58495690026143277, "density_km2": 0.0, "HLD_norm": 0.0, "MAG_norm": 0.0, "CHAN_norm": 0.41472604691511072, "LS_LRSI": 8.2945209383022149, "risk_class": "Low" }, "geometry": { "type": "Polygon", "coordinates": [ [ [ 505838.400959495396819, 780698.593996203271672 ], [ 505838.400959495396819, 781698.593996203271672 ], [ 504838.400959495396819, 781698.593996203271672 ], [ 504838.400959495396819, 780698.593996203271672 ], [ 505838.400959495396819, 780698.593996203271672 ] ] ] } },
{ "type": "Feature", "properties": { "grid_id": "0_14", "n_landslides": 0.0, "total_area_m2": 0.0, "mean_compactness": 0.58495690026143277, "density_km2": 0.0, "HLD_norm": 0.0, "MAG_norm": 0.0, "CHAN_norm": 0.41472604691511072, "LS_LRSI": 8.2945209383022149, "risk_class": "Low" }, "geometry": { "type": "Polygon", "coordinates": [ [ [ 505838.400959495396819, 781698.593996203271672 ], [ 505838.400959495396819, 782698.593996203271672 ], [ 504838.400959495396819, 782698.593996203271672 ], [ 504838.400959495396819, 781698.593996203271672 ], [ 505838.400959495396819, 781698.593996203271672 ] ] ] } },
{ "type": "Feature", "properties": { "grid_id": "0_15", "n_landslides": 0.0, "total_area_m2": 0.0, "mean_compactness": 0.58495690026143277, "density_km2": 0.0, "HLD_norm": 0.0, "MAG_norm": 0.0, "CHAN_norm": 0.41472604691511072, "LS_LRSI": 8.2945209383022149, "risk_class": "Low" }, "geometry": { "type": "Polygon", "coordinates": [ [ [ 505838.400959495396819, 782698.593996203271672 ], [ 505838.400959495396819, 783698.593996203271672 ], [ 504838.400959495396819, 783698.593996203271672 ], [ 504838.400959495396819, 782698.593996203271672 ], [ 505838.400959495396819, 782698.593996203271672 ] ] ] } },
{ "type": "Feature", "properties": { "grid_id": "0_16", "n_landslides": 0.0, "total_area_m2": 0.0, "mean_compactness": 0.58495690026143277, "density_km2": 0.0, "HLD_norm": 0.0, "MAG_norm": 0.0, "CHAN_norm": 0.41472604691511072, "LS_LRSI": 8.2945209383022149, "risk_class": "Low" }, "geometry": { "type": "Polygon", "coordinates": [ [ [ 505838.400959495396819, 783698.593996203271672 ], [ 505838.400959495396819, 784698.593996203271672 ], [ 504838.400959495396819, 784698.593996203271672 ], [ 504838.400959495396819, 783698.593996203271672 ], [ 505838.400959495396819, 783698.593996203271672 ] ] ] } },
{ "type": "Feature", "properties": { "grid_id": "0_17", "n_landslides": 0.0, "total_area_m2": 0.0, "mean_compactness": 0.58495690026143277, "density_km2": 0.0, "HLD_norm": 0.0, "MAG_norm": 0.0, "CHAN_norm": 0.41472604691511072, "LS_LRSI": 8.2945209383022149, "risk_class": "Low" }, "geometry": { "type": "Polygon", "coordinates": [ [ [ 505838.400959495396819, 784698.593996203271672 ], [ 505838.400959495396819, 785698.593996203271672 ], [ 504838.400959495396819, 785698.593996203271672 ], [ 504838.400959495396819, 784698.593996203271672 ], [ 505838.400959495396819, 784698.593996203271672 ] ] ] } },
{ "type": "Feature", "properties": { "grid_id": "1_0", "n_landslides": 2.0, "total_area_m2": 5316.5945431696309, "mean_compactness": 0.27567300459015093, "density_km2": 2.0, "HLD_norm": 0.042553191488456321, "MAG_norm": 0.7590627733858214, "CHAN_norm": 0.81304437858125178, "LS_LRSI": 41.160430347622494, "risk_class": "High" }, "geometry": { "type": "Polygon", "coordinates": [ [ [ 506838.400959495396819, 767698.593996203271672 ], [ 506838.400959495396819, 768698.593996203271672 ], [ 505838.400959495396819, 768698.593996203271672 ], [ 505838.400959495396819, 767698.593996203271672 ], [ 506838.400959495396819, 767698.593996203271672 ] ] ] } },
{ "type": "Feature", "properties": { "grid_id": "1_1", "n_landslides": 0.0, "total_area_m2": 0.0, "mean_compactness": 0.58495690026143277, "density_km2": 0.0, "HLD_norm": 0.0, "MAG_norm": 0.0, "CHAN_norm": 0.41472604691511072, "LS_LRSI": 8.2945209383022149, "risk_class": "Low" }, "geometry": { "type": "Polygon", "coordinates": [ [ [ 506838.400959495396819, 768698.593996203271672 ], [ 506838.400959495396819, 769698.593996203271672 ], [ 505838.400959495396819, 769698.593996203271672 ], [ 505838.400959495396819, 768698.593996203271672 ], [ 506838.400959495396819, 768698.593996203271672 ] ] ] } },
{ "type": "Feature", "properties": { "grid_id": "1_2", "n_landslides": 0.0, "total_area_m2": 0.0, "mean_compactness": 0.58495690026143277, "density_km2": 0.0, "HLD_norm": 0.0, "MAG_norm": 0.0, "CHAN_norm": 0.41472604691511072, "LS_LRSI": 8.2945209383022149, "risk_class": "Low" }, "geometry": { "type": "Polygon", "coordinates": [ [ [ 506838.400959495396819, 769698.593996203271672 ], [ 506838.400959495396819, 770698.593996203271672 ], [ 505838.400959495396819, 770698.593996203271672 ], [ 505838.400959495396819, 769698.593996203271672 ], [ 506838.400959495396819, 769698.593996203271672 ] ] ] } },
{ "type": "Feature", "properties": { "grid_id": "1_3", "n_landslides": 0.0, "total_area_m2": 0.0, "mean_compactness": 0.58495690026143277, "density_km2": 0.0, "HLD_norm": 0.0, "MAG_norm": 0.0, "CHAN_norm": 0.41472604691511072, "LS_LRSI": 8.2945209383022149, "risk_class": "Low" }, "geometry": { "type": "Polygon", "coordinates": [ [ [ 506838.400959495396819, 770698.593996203271672 ], [ 506838.400959495396819, 771698.593996203271672 ], [ 505838.400959495396819, 771698.593996203271672 ], [ 505838.400959495396819, 770698.593996203271672 ], [ 506838.400959495396819, 770698.593996203271672 ] ] ] } },
{ "type": "Feature", "properties": { "grid_id": "1_4", "n_landslides": 0.0, "total_area_m2": 0.0, "mean_compactness": 0.58495690026143277, "density_km2": 0.0, "HLD_norm": 0.0, "MAG_norm": 0.0, "CHAN_norm": 0.41472604691511072, "LS_LRSI": 8.2945209383022149, "risk_class": "Low" }, "geometry": { "type": "Polygon", "coordinates": [ [ [ 506838.400959495396819, 771698.593996203271672 ], [ 506838.400959495396819, 772698.593996203271672 ], [ 505838.400959495396819, 772698.593996203271672 ], [ 505838.400959495396819, 771698.593996203271672 ], [ 506838.400959495396819, 771698.593996203271672 ] ] ] } },
{ "type": "Feature", "properties": { "grid_id": "1_5", "n_landslides": 0.0, "total_area_m2": 0.0, "mean_compactness": 0.58495690026143277, "density_km2": 0.0, "HLD_norm": 0.0, "MAG_norm": 0.0, "CHAN_norm": 0.41472604691511072, "LS_LRSI": 8.2945209383022149, "risk_class": "Low" }, "geometry": { "type": "Polygon", "coordinates": [ [ [ 506838.400959495396819, 772698.593996203271672 ], [ 506838.400959495396819, 773698.593996203271672 ], [ 505838.400959495396819, 773698.593996203271672 ], [ 505838.400959495396819, 772698.593996203271672 ], [ 506838.400959495396819, 772698.593996203271672 ] ] ] } },
{ "type": "Feature", "properties": { "grid_id": "1_6", "n_landslides": 0.0, "total_area_m2": 0.0, "mean_compactness": 0.58495690026143277, "density_km2": 0.0, "HLD_norm": 0.0, "MAG_norm": 0.0, "CHAN_norm": 0.41472604691511072, "LS_LRSI": 8.2945209383022149, "risk_class": "Low" }, "geometry": { "type": "Polygon", "coordinates": [ [ [ 506838.400959495396819, 773698.593996203271672 ], [ 506838.400959495396819, 774698.593996203271672 ], [ 505838.400959495396819, 774698.593996203271672 ], [ 505838.400959495396819, 773698.593996203271672 ], [ 506838.400959495396819, 773698.593996203271672 ] ] ] } },
{ "type": "Feature", "properties": { "grid_id": "1_7", "n_landslides": 0.0, "total_area_m2": 0.0, "mean_compactness": 0.58495690026143277, "density_km2": 0.0, "HLD_norm": 0.0, "MAG_norm": 0.0, "CHAN_norm": 0.41472604691511072, "LS_LRSI": 8.2945209383022149, "risk_class": "Low" }, "geometry": { "type": "Polygon", "coordinates": [ [ [ 506838.400959495396819, 774698.593996203271672 ], [ 506838.400959495396819, 775698.593996203271672 ], [ 505838.400959495396819, 775698.593996203271672 ], [ 505838.400959495396819, 774698.593996203271672 ], [ 506838.400959495396819, 774698.593996203271672 ] ] ] } },
{ "type": "Feature", "properties": { "grid_id": "1_8", "n_landslides": 0.0, "total_area_m2": 0.0, "mean_compactness": 0.58495690026143277, "density_km2": 0.0, "HLD_norm": 0.0, "MAG_norm": 0.0, "CHAN_norm": 0.41472604691511072, "LS_LRSI": 8.2945209383022149, "risk_class": "Low" }, "geometry": { "type": "Polygon", "coordinates": [ [ [ 506838.400959495396819, 775698.593996203271672 ], [ 506838.400959495396819, 776698.593996203271672 ], [ 505838.400959495396819, 776698.593996203271672 ], [ 505838.400959495396819, 775698.593996203271672 ], [ 506838.400959495396819, 775698.593996203271672 ] ] ] } },
{ "type": "Feature", "properties": { "grid_id": "1_9", "n_landslides": 2.0, "total_area_m2": 9597.7586125803391, "mean_compactness": 0.2710583427536028, "density_km2": 2.0, "HLD_norm": 0.042553191488456321, "MAG_norm": 0.81132105834387058, "CHAN_norm": 0.8189874762648468, "LS_LRSI": 42.847040850035867, "risk_class": "High" }, "geometry": { "type": "Polygon", "coordinates": [ [ [ 506838.400959495396819, 776698.593996203271672 ], [ 506838.400959495396819, 777698.593996203271672 ], [ 505838.400959495396819, 777698.593996203271672 ], [ 505838.400959495396819, 776698.593996203271672 ], [ 506838.400959495396819, 776698.593996203271672 ] ] ] } },
{ "type": "Feature", "properties": { "grid_id": "1_10", "n_landslides": 4.0, "total_area_m2": 9882.3247474682394, "mean_compactness": 0.58260164576988427, "density_km2": 4.0, "HLD_norm": 0.085106382976912642, "MAG_norm": 0.81390606133759802, "CHAN_norm": 0.41775931522572418, "LS_LRSI": 37.027687293488057, "risk_class": "High" }, "geometry": { "type": "Polygon", "coordinates": [ [ [ 506838.400959495396819, 777698.593996203271672 ], [ 506838.400959495396819, 778698.593996203271672 ], [ 505838.400959495396819, 778698.593996203271672 ], [ 505838.400959495396819, 777698.593996203271672 ], [ 506838.400959495396819, 777698.593996203271672 ] ] ] } },
{ "type": "Feature", "properties": { "grid_id": "1_11", "n_landslides": 9.0, "total_area_m2": 14473.04999733395, "mean_compactness": 0.60755830675481237, "density_km2": 9.0, "HLD_norm": 0.19148936169805345, "MAG_norm": 0.8476624888698171, "CHAN_norm": 0.38561830915782547, "LS_LRSI": 42.716708934153694, "risk_class": "High" }, "geometry": { "type": "Polygon", "coordinates": [ [ [ 506838.400959495396819, 778698.593996203271672 ], [ 506838.400959495396819, 779698.593996203271672 ], [ 505838.400959495396819, 779698.593996203271672 ], [ 505838.400959495396819, 778698.593996203271672 ], [ 506838.400959495396819, 778698.593996203271672 ] ] ] } },
{ "type": "Feature", "properties": { "grid_id": "1_12", "n_landslides": 0.0, "total_area_m2": 0.0, "mean_compactness": 0.58495690026143277, "density_km2": 0.0, "HLD_norm": 0.0, "MAG_norm": 0.0, "CHAN_norm": 0.41472604691511072, "LS_LRSI": 8.2945209383022149, "risk_class": "Low" }, "geometry": { "type": "Polygon", "coordinates": [ [ [ 506838.400959495396819, 779698.593996203271672 ], [ 506838.400959495396819, 780698.593996203271672 ], [ 505838.400959495396819, 780698.593996203271672 ], [ 505838.400959495396819, 779698.593996203271672 ], [ 506838.400959495396819, 779698.593996203271672 ] ] ] } },
{ "type": "Feature", "properties": { "grid_id": "1_13", "n_landslides": 0.0, "total_area_m2": 0.0, "mean_compactness": 0.58495690026143277, "density_km2": 0.0, "HLD_norm": 0.0, "MAG_norm": 0.0, "CHAN_norm": 0.41472604691511072, "LS_LRSI": 8.2945209383022149, "risk_class": "Low" }, "geometry": { "type": "Polygon", "coordinates": [ [ [ 506838.400959495396819, 780698.593996203271672 ], [ 506838.400959495396819, 781698.593996203271672 ], [ 505838.400959495396819, 781698.593996203271672 ], [ 505838.400959495396819, 780698.593996203271672 ], [ 506838.400959495396819, 780698.593996203271672 ] ] ] } },
{ "type": "Feature", "properties": { "grid_id": "1_14", "n_landslides": 1.0, "total_area_m2": 3944.5555772087482, "mean_compactness": 0.64264875798581655, "density_km2": 1.0, "HLD_norm": 0.021276595744228161, "MAG_norm": 0.73265713454968062, "CHAN_norm": 0.34042626978115798, "LS_LRSI": 29.852069219324989, "risk_class": "Medium" }, "geometry": { "type": "Polygon", "coordinates": [ [ [ 506838.400959495396819, 781698.593996203271672 ], [ 506838.400959495396819, 782698.593996203271672 ], [ 505838.400959495396819, 782698.593996203271672 ], [ 505838.400959495396819, 781698.593996203271672 ], [ 506838.400959495396819, 781698.593996203271672 ] ] ] } },
{ "type": "Feature", "properties": { "grid_id": "1_15", "n_landslides": 0.0, "total_area_m2": 0.0, "mean_compactness": 0.58495690026143277, "density_km2": 0.0, "HLD_norm": 0.0, "MAG_norm": 0.0, "CHAN_norm": 0.41472604691511072, "LS_LRSI": 8.2945209383022149, "risk_class": "Low" }, "geometry": { "type": "Polygon", "coordinates": [ [ [ 506838.400959495396819, 782698.593996203271672 ], [ 506838.400959495396819, 783698.593996203271672 ], [ 505838.400959495396819, 783698.593996203271672 ], [ 505838.400959495396819, 782698.593996203271672 ], [ 506838.400959495396819, 782698.593996203271672 ] ] ] } },
{ "type": "Feature", "properties": { "grid_id": "1_16", "n_landslides": 0.0, "total_area_m2": 0.0, "mean_compactness": 0.58495690026143277, "density_km2": 0.0, "HLD_norm": 0.0, "MAG_norm": 0.0, "CHAN_norm": 0.41472604691511072, "LS_LRSI": 8.2945209383022149, "risk_class": "Low" }, "geometry": { "type": "Polygon", "coordinates": [ [ [ 506838.400959495396819, 783698.593996203271672 ], [ 506838.400959495396819, 784698.593996203271672 ], [ 505838.400959495396819, 784698.593996203271672 ], [ 505838.400959495396819, 783698.593996203271672 ], [ 506838.400959495396819, 783698.593996203271672 ] ] ] } },
{ "type": "Feature", "properties": { "grid_id": "1_17", "n_landslides": 0.0, "total_area_m2": 0.0, "mean_compactness": 0.58495690026143277, "density_km2": 0.0, "HLD_norm": 0.0, "MAG_norm": 0.0, "CHAN_norm": 0.41472604691511072, "LS_LRSI": 8.2945209383022149, "risk_class": "Low" }, "geometry": { "type": "Polygon", "coordinates": [ [ [ 506838.400959495396819, 784698.593996203271672 ], [ 506838.400959495396819, 785698.593996203271672 ], [ 505838.400959495396819, 785698.593996203271672 ], [ 505838.400959495396819, 784698.593996203271672 ], [ 506838.400959495396819, 784698.593996203271672 ] ] ] } },
{ "type": "Feature", "properties": { "grid_id": "2_0", "n_landslides": 0.0, "total_area_m2": 0.0, "mean_compactness": 0.58495690026143277, "density_km2": 0.0, "HLD_norm": 0.0, "MAG_norm": 0.0, "CHAN_norm": 0.41472604691511072, "LS_LRSI": 8.2945209383022149, "risk_class": "Low" }, "geometry": { "type": "Polygon", "coordinates": [ [ [ 507838.400959495396819, 767698.593996203271672 ], [ 507838.400959495396819, 768698.593996203271672 ], [ 506838.400959495396819, 768698.593996203271672 ], [ 506838.400959495396819, 767698.593996203271672 ], [ 507838.400959495396819, 767698.593996203271672 ] ] ] } },
{ "type": "Feature", "properties": { "grid_id": "2_1", "n_landslides": 0.0, "total_area_m2": 0.0, "mean_compactness": 0.58495690026143277, "density_km2": 0.0, "HLD_norm": 0.0, "MAG_norm": 0.0, "CHAN_norm": 0.41472604691511072, "LS_LRSI": 8.2945209383022149, "risk_class": "Low" }, "geometry": { "type": "Polygon", "coordinates": [ [ [ 507838.400959495396819, 768698.593996203271672 ], [ 507838.400959495396819, 769698.593996203271672 ], [ 506838.400959495396819, 769698.593996203271672 ], [ 506838.400959495396819, 768698.593996203271672 ], [ 507838.400959495396819, 768698.593996203271672 ] ] ] } },
{ "type": "Feature", "properties": { "grid_id": "2_2", "n_landslides": 0.0, "total_area_m2": 0.0, "mean_compactness": 0.58495690026143277, "density_km2": 0.0, "HLD_norm": 0.0, "MAG_norm": 0.0, "CHAN_norm": 0.41472604691511072, "LS_LRSI": 8.2945209383022149, "risk_class": "Low" }, "geometry": { "type": "Polygon", "coordinates": [ [ [ 507838.400959495396819, 769698.593996203271672 ], [ 507838.400959495396819, 770698.593996203271672 ], [ 506838.400959495396819, 770698.593996203271672 ], [ 506838.400959495396819, 769698.593996203271672 ], [ 507838.400959495396819, 769698.593996203271672 ] ] ] } },
{ "type": "Feature", "properties": { "grid_id": "2_3", "n_landslides": 0.0, "total_area_m2": 0.0, "mean_compactness": 0.58495690026143277, "density_km2": 0.0, "HLD_norm": 0.0, "MAG_norm": 0.0, "CHAN_norm": 0.41472604691511072, "LS_LRSI": 8.2945209383022149, "risk_class": "Low" }, "geometry": { "type": "Polygon", "coordinates": [ [ [ 507838.400959495396819, 770698.593996203271672 ], [ 507838.400959495396819, 771698.593996203271672 ], [ 506838.400959495396819, 771698.593996203271672 ], [ 506838.400959495396819, 770698.593996203271672 ], [ 507838.400959495396819, 770698.593996203271672 ] ] ] } },
{ "type": "Feature", "properties": { "grid_id": "2_4", "n_landslides": 0.0, "total_area_m2": 0.0, "mean_compactness": 0.58495690026143277, "density_km2": 0.0, "HLD_norm": 0.0, "MAG_norm": 0.0, "CHAN_norm": 0.41472604691511072, "LS_LRSI": 8.2945209383022149, "risk_class": "Low" }, "geometry": { "type": "Polygon", "coordinates": [ [ [ 507838.400959495396819, 771698.593996203271672 ], [ 507838.400959495396819, 772698.593996203271672 ], [ 506838.400959495396819, 772698.593996203271672 ], [ 506838.400959495396819, 771698.593996203271672 ], [ 507838.400959495396819, 771698.593996203271672 ] ] ] } },
{ "type": "Feature", "properties": { "grid_id": "2_5", "n_landslides": 0.0, "total_area_m2": 0.0, "mean_compactness": 0.58495690026143277, "density_km2": 0.0, "HLD_norm": 0.0, "MAG_norm": 0.0, "CHAN_norm": 0.41472604691511072, "LS_LRSI": 8.2945209383022149, "risk_class": "Low" }, "geometry": { "type": "Polygon", "coordinates": [ [ [ 507838.400959495396819, 772698.593996203271672 ], [ 507838.400959495396819, 773698.593996203271672 ], [ 506838.400959495396819, 773698.593996203271672 ], [ 506838.400959495396819, 772698.593996203271672 ], [ 507838.400959495396819, 772698.593996203271672 ] ] ] } },
{ "type": "Feature", "properties": { "grid_id": "2_6", "n_landslides": 0.0, "total_area_m2": 0.0, "mean_compactness": 0.58495690026143277, "density_km2": 0.0, "HLD_norm": 0.0, "MAG_norm": 0.0, "CHAN_norm": 0.41472604691511072, "LS_LRSI": 8.2945209383022149, "risk_class": "Low" }, "geometry": { "type": "Polygon", "coordinates": [ [ [ 507838.400959495396819, 773698.593996203271672 ], [ 507838.400959495396819, 774698.593996203271672 ], [ 506838.400959495396819, 774698.593996203271672 ], [ 506838.400959495396819, 773698.593996203271672 ], [ 507838.400959495396819, 773698.593996203271672 ] ] ] } },
{ "type": "Feature", "properties": { "grid_id": "2_7", "n_landslides": 47.0, "total_area_m2": 80966.319341571405, "mean_compactness": 0.70596644551053767, "density_km2": 47.0, "HLD_norm": 0.99999999997872346, "MAG_norm": 0.99999999991151856, "CHAN_norm": 0.25888113919792743, "LS_LRSI": 85.177622780240284, "risk_class": "Very High" }, "geometry": { "type": "Polygon", "coordinates": [ [ [ 507838.400959495396819, 774698.593996203271672 ], [ 507838.400959495396819, 775698.593996203271672 ], [ 506838.400959495396819, 775698.593996203271672 ], [ 506838.400959495396819, 774698.593996203271672 ], [ 507838.400959495396819, 774698.593996203271672 ] ] ] } },
{ "type": "Feature", "properties": { "grid_id": "2_8", "n_landslides": 0.0, "total_area_m2": 0.0, "mean_compactness": 0.58495690026143277, "density_km2": 0.0, "HLD_norm": 0.0, "MAG_norm": 0.0, "CHAN_norm": 0.41472604691511072, "LS_LRSI": 8.2945209383022149, "risk_class": "Low" }, "geometry": { "type": "Polygon", "coordinates": [ [ [ 507838.400959495396819, 775698.593996203271672 ], [ 507838.400959495396819, 776698.593996203271672 ], [ 506838.400959495396819, 776698.593996203271672 ], [ 506838.400959495396819, 775698.593996203271672 ], [ 507838.400959495396819, 775698.593996203271672 ] ] ] } },
{ "type": "Feature", "properties": { "grid_id": "2_9", "n_landslides": 0.0, "total_area_m2": 0.0, "mean_compactness": 0.58495690026143277, "density_km2": 0.0, "HLD_norm": 0.0, "MAG_norm": 0.0, "CHAN_norm": 0.41472604691511072, "LS_LRSI": 8.2945209383022149, "risk_class": "Low" }, "geometry": { "type": "Polygon", "coordinates": [ [ [ 507838.400959495396819, 776698.593996203271672 ], [ 507838.400959495396819, 777698.593996203271672 ], [ 506838.400959495396819, 777698.593996203271672 ], [ 506838.400959495396819, 776698.593996203271672 ], [ 507838.400959495396819, 776698.593996203271672 ] ] ] } },
{ "type": "Feature", "properties": { "grid_id": "2_10", "n_landslides": 0.0, "total_area_m2": 0.0, "mean_compactness": 0.58495690026143277, "density_km2": 0.0, "HLD_norm": 0.0, "MAG_norm": 0.0, "CHAN_norm": 0.41472604691511072, "LS_LRSI": 8.2945209383022149, "risk_class": "Low" }, "geometry": { "type": "Polygon", "coordinates": [ [ [ 507838.400959495396819, 777698.593996203271672 ], [ 507838.400959495396819, 778698.593996203271672 ], [ 506838.400959495396819, 778698.593996203271672 ], [ 506838.400959495396819, 777698.593996203271672 ], [ 507838.400959495396819, 777698.593996203271672 ] ] ] } },
{ "type": "Feature", "properties": { "grid_id": "2_11", "n_landslides": 0.0, "total_area_m2": 0.0, "mean_compactness": 0.58495690026143277, "density_km2": 0.0, "HLD_norm": 0.0, "MAG_norm": 0.0, "CHAN_norm": 0.41472604691511072, "LS_LRSI": 8.2945209383022149, "risk_class": "Low" }, "geometry": { "type": "Polygon", "coordinates": [ [ [ 507838.400959495396819, 778698.593996203271672 ], [ 507838.400959495396819, 779698.593996203271672 ], [ 506838.400959495396819, 779698.593996203271672 ], [ 506838.400959495396819, 778698.593996203271672 ], [ 507838.400959495396819, 778698.593996203271672 ] ] ] } },
{ "type": "Feature", "properties": { "grid_id": "2_12", "n_landslides": 1.0, "total_area_m2": 5464.7980630163338, "mean_compactness": 0.38551510311711462, "density_km2": 1.0, "HLD_norm": 0.021276595744228161, "MAG_norm": 0.76149504903248666, "CHAN_norm": 0.67158172228287971, "LS_LRSI": 37.340315703843594, "risk_class": "High" }, "geometry": { "type": "Polygon", "coordinates": [ [ [ 507838.400959495396819, 779698.593996203271672 ], [ 507838.400959495396819, 780698.593996203271672 ], [ 506838.400959495396819, 780698.593996203271672 ], [ 506838.400959495396819, 779698.593996203271672 ], [ 507838.400959495396819, 779698.593996203271672 ] ] ] } },
{ "type": "Feature", "properties": { "grid_id": "2_13", "n_landslides": 0.0, "total_area_m2": 0.0, "mean_compactness": 0.58495690026143277, "density_km2": 0.0, "HLD_norm": 0.0, "MAG_norm": 0.0, "CHAN_norm": 0.41472604691511072, "LS_LRSI": 8.2945209383022149, "risk_class": "Low" }, "geometry": { "type": "Polygon", "coordinates": [ [ [ 507838.400959495396819, 780698.593996203271672 ], [ 507838.400959495396819, 781698.593996203271672 ], [ 506838.400959495396819, 781698.593996203271672 ], [ 506838.400959495396819, 780698.593996203271672 ], [ 507838.400959495396819, 780698.593996203271672 ] ] ] } },
{ "type": "Feature", "properties": { "grid_id": "2_14", "n_landslides": 0.0, "total_area_m2": 0.0, "mean_compactness": 0.58495690026143277, "density_km2": 0.0, "HLD_norm": 0.0, "MAG_norm": 0.0, "CHAN_norm": 0.41472604691511072, "LS_LRSI": 8.2945209383022149, "risk_class": "Low" }, "geometry": { "type": "Polygon", "coordinates": [ [ [ 507838.400959495396819, 781698.593996203271672 ], [ 507838.400959495396819, 782698.593996203271672 ], [ 506838.400959495396819, 782698.593996203271672 ], [ 506838.400959495396819, 781698.593996203271672 ], [ 507838.400959495396819, 781698.593996203271672 ] ] ] } },
{ "type": "Feature", "properties": { "grid_id": "2_15", "n_landslides": 0.0, "total_area_m2": 0.0, "mean_compactness": 0.58495690026143277, "density_km2": 0.0, "HLD_norm": 0.0, "MAG_norm": 0.0, "CHAN_norm": 0.41472604691511072, "LS_LRSI": 8.2945209383022149, "risk_class": "Low" }, "geometry": { "type": "Polygon", "coordinates": [ [ [ 507838.400959495396819, 782698.593996203271672 ], [ 507838.400959495396819, 783698.593996203271672 ], [ 506838.400959495396819, 783698.593996203271672 ], [ 506838.400959495396819, 782698.593996203271672 ], [ 507838.400959495396819, 782698.593996203271672 ] ] ] } },
{ "type": "Feature", "properties": { "grid_id": "2_16", "n_landslides": 0.0, "total_area_m2": 0.0, "mean_compactness": 0.58495690026143277, "density_km2": 0.0, "HLD_norm": 0.0, "MAG_norm": 0.0, "CHAN_norm": 0.41472604691511072, "LS_LRSI": 8.2945209383022149, "risk_class": "Low" }, "geometry": { "type": "Polygon", "coordinates": [ [ [ 507838.400959495396819, 783698.593996203271672 ], [ 507838.400959495396819, 784698.593996203271672 ], [ 506838.400959495396819, 784698.593996203271672 ], [ 506838.400959495396819, 783698.593996203271672 ], [ 507838.400959495396819, 783698.593996203271672 ] ] ] } },
{ "type": "Feature", "properties": { "grid_id": "2_17", "n_landslides": 0.0, "total_area_m2": 0.0, "mean_compactness": 0.58495690026143277, "density_km2": 0.0, "HLD_norm": 0.0, "MAG_norm": 0.0, "CHAN_norm": 0.41472604691511072, "LS_LRSI": 8.2945209383022149, "risk_class": "Low" }, "geometry": { "type": "Polygon", "coordinates": [ [ [ 507838.400959495396819, 784698.593996203271672 ], [ 507838.400959495396819, 785698.593996203271672 ], [ 506838.400959495396819, 785698.593996203271672 ], [ 506838.400959495396819, 784698.593996203271672 ], [ 507838.400959495396819, 784698.593996203271672 ] ] ] } },
{ "type": "Feature", "properties": { "grid_id": "3_0", "n_landslides": 0.0, "total_area_m2": 0.0, "mean_compactness": 0.58495690026143277, "density_km2": 0.0, "HLD_norm": 0.0, "MAG_norm": 0.0, "CHAN_norm": 0.41472604691511072, "LS_LRSI": 8.2945209383022149, "risk_class": "Low" }, "geometry": { "type": "Polygon", "coordinates": [ [ [ 508838.400959495396819, 767698.593996203271672 ], [ 508838.400959495396819, 768698.593996203271672 ], [ 507838.400959495396819, 768698.593996203271672 ], [ 507838.400959495396819, 767698.593996203271672 ], [ 508838.400959495396819, 767698.593996203271672 ] ] ] } },
{ "type": "Feature", "properties": { "grid_id": "3_1", "n_landslides": 0.0, "total_area_m2": 0.0, "mean_compactness": 0.58495690026143277, "density_km2": 0.0, "HLD_norm": 0.0, "MAG_norm": 0.0, "CHAN_norm": 0.41472604691511072, "LS_LRSI": 8.2945209383022149, "risk_class": "Low" }, "geometry": { "type": "Polygon", "coordinates": [ [ [ 508838.400959495396819, 768698.593996203271672 ], [ 508838.400959495396819, 769698.593996203271672 ], [ 507838.400959495396819, 769698.593996203271672 ], [ 507838.400959495396819, 768698.593996203271672 ], [ 508838.400959495396819, 768698.593996203271672 ] ] ] } },
{ "type": "Feature", "properties": { "grid_id": "3_2", "n_landslides": 0.0, "total_area_m2": 0.0, "mean_compactness": 0.58495690026143277, "density_km2": 0.0, "HLD_norm": 0.0, "MAG_norm": 0.0, "CHAN_norm": 0.41472604691511072, "LS_LRSI": 8.2945209383022149, "risk_class": "Low" }, "geometry": { "type": "Polygon", "coordinates": [ [ [ 508838.400959495396819, 769698.593996203271672 ], [ 508838.400959495396819, 770698.593996203271672 ], [ 507838.400959495396819, 770698.593996203271672 ], [ 507838.400959495396819, 769698.593996203271672 ], [ 508838.400959495396819, 769698.593996203271672 ] ] ] } },
{ "type": "Feature", "properties": { "grid_id": "3_3", "n_landslides": 0.0, "total_area_m2": 0.0, "mean_compactness": 0.58495690026143277, "density_km2": 0.0, "HLD_norm": 0.0, "MAG_norm": 0.0, "CHAN_norm": 0.41472604691511072, "LS_LRSI": 8.2945209383022149, "risk_class": "Low" }, "geometry": { "type": "Polygon", "coordinates": [ [ [ 508838.400959495396819, 770698.593996203271672 ], [ 508838.400959495396819, 771698.593996203271672 ], [ 507838.400959495396819, 771698.593996203271672 ], [ 507838.400959495396819, 770698.593996203271672 ], [ 508838.400959495396819, 770698.593996203271672 ] ] ] } },
{ "type": "Feature", "properties": { "grid_id": "3_4", "n_landslides": 0.0, "total_area_m2": 0.0, "mean_compactness": 0.58495690026143277, "density_km2": 0.0, "HLD_norm": 0.0, "MAG_norm": 0.0, "CHAN_norm": 0.41472604691511072, "LS_LRSI": 8.2945209383022149, "risk_class": "Low" }, "geometry": { "type": "Polygon", "coordinates": [ [ [ 508838.400959495396819, 771698.593996203271672 ], [ 508838.400959495396819, 772698.593996203271672 ], [ 507838.400959495396819, 772698.593996203271672 ], [ 507838.400959495396819, 771698.593996203271672 ], [ 508838.400959495396819, 771698.593996203271672 ] ] ] } },
{ "type": "Feature", "properties": { "grid_id": "3_5", "n_landslides": 0.0, "total_area_m2": 0.0, "mean_compactness": 0.58495690026143277, "density_km2": 0.0, "HLD_norm": 0.0, "MAG_norm": 0.0, "CHAN_norm": 0.41472604691511072, "LS_LRSI": 8.2945209383022149, "risk_class": "Low" }, "geometry": { "type": "Polygon", "coordinates": [ [ [ 508838.400959495396819, 772698.593996203271672 ], [ 508838.400959495396819, 773698.593996203271672 ], [ 507838.400959495396819, 773698.593996203271672 ], [ 507838.400959495396819, 772698.593996203271672 ], [ 508838.400959495396819, 772698.593996203271672 ] ] ] } },
{ "type": "Feature", "properties": { "grid_id": "3_6", "n_landslides": 6.0, "total_area_m2": 847.51386569118245, "mean_compactness": 0.84276175694760858, "density_km2": 6.0, "HLD_norm": 0.12765957446536896, "MAG_norm": 0.59667361800051433, "CHAN_norm": 0.082706171816902874, "LS_LRSI": 25.937310699621936, "risk_class": "Medium" }, "geometry": { "type": "Polygon", "coordinates": [ [ [ 508838.400959495396819, 773698.593996203271672 ], [ 508838.400959495396819, 774698.593996203271672 ], [ 507838.400959495396819, 774698.593996203271672 ], [ 507838.400959495396819, 773698.593996203271672 ], [ 508838.400959495396819, 773698.593996203271672 ] ] ] } },
{ "type": "Feature", "properties": { "grid_id": "3_7", "n_landslides": 13.0, "total_area_m2": 12051.570765158393, "mean_compactness": 0.74003835140997343, "density_km2": 13.0, "HLD_norm": 0.27659574467496606, "MAG_norm": 0.83146335265750659, "CHAN_norm": 0.21500085669859792, "LS_LRSI": 43.073704947445457, "risk_class": "Very High" }, "geometry": { "type": "Polygon", "coordinates": [ [ [ 508838.400959495396819, 774698.593996203271672 ], [ 508838.400959495396819, 775698.593996203271672 ], [ 507838.400959495396819, 775698.593996203271672 ], [ 507838.400959495396819, 774698.593996203271672 ], [ 508838.400959495396819, 774698.593996203271672 ] ] ] } },
{ "type": "Feature", "properties": { "grid_id": "3_8", "n_landslides": 5.0, "total_area_m2": 24694.249896044414, "mean_compactness": 0.39232794285347766, "density_km2": 5.0, "HLD_norm": 0.10638297872114079, "MAG_norm": 0.89493402796291666, "CHAN_norm": 0.66280765096627581, "LS_LRSI": 45.423322794270057, "risk_class": "Very High" }, "geometry": { "type": "Polygon", "coordinates": [ [ [ 508838.400959495396819, 775698.593996203271672 ], [ 508838.400959495396819, 776698.593996203271672 ], [ 507838.400959495396819, 776698.593996203271672 ], [ 507838.400959495396819, 775698.593996203271672 ], [ 508838.400959495396819, 775698.593996203271672 ] ] ] } },
{ "type": "Feature", "properties": { "grid_id": "3_9", "n_landslides": 6.0, "total_area_m2": 2439.37466641331, "mean_compactness": 0.80485499758455992, "density_km2": 6.0, "HLD_norm": 0.12765957446536896, "MAG_norm": 0.69014725488287121, "CHAN_norm": 0.13152525796941028, "LS_LRSI": 29.717901529142793, "risk_class": "Medium" }, "geometry": { "type": "Polygon", "coordinates": [ [ [ 508838.400959495396819, 776698.593996203271672 ], [ 508838.400959495396819, 777698.593996203271672 ], [ 507838.400959495396819, 777698.593996203271672 ], [ 507838.400959495396819, 776698.593996203271672 ], [ 508838.400959495396819, 776698.593996203271672 ] ] ] } },
{ "type": "Feature", "properties": { "grid_id": "3_10", "n_landslides": 7.0, "total_area_m2": 16002.752424823582, "mean_compactness": 0.51936815001241132, "density_km2": 7.0, "HLD_norm": 0.14893617020959712, "MAG_norm": 0.85655185363239716, "CHAN_norm": 0.49919601751786147, "LS_LRSI": 43.127284469808998, "risk_class": "Very High" }, "geometry": { "type": "Polygon", "coordinates": [ [ [ 508838.400959495396819, 777698.593996203271672 ], [ 508838.400959495396819, 778698.593996203271672 ], [ 507838.400959495396819, 778698.593996203271672 ], [ 507838.400959495396819, 777698.593996203271672 ], [ 508838.400959495396819, 777698.593996203271672 ] ] ] } },
{ "type": "Feature", "properties": { "grid_id": "3_11", "n_landslides": 0.0, "total_area_m2": 0.0, "mean_compactness": 0.58495690026143277, "density_km2": 0.0, "HLD_norm": 0.0, "MAG_norm": 0.0, "CHAN_norm": 0.41472604691511072, "LS_LRSI": 8.2945209383022149, "risk_class": "Low" }, "geometry": { "type": "Polygon", "coordinates": [ [ [ 508838.400959495396819, 778698.593996203271672 ], [ 508838.400959495396819, 779698.593996203271672 ], [ 507838.400959495396819, 779698.593996203271672 ], [ 507838.400959495396819, 778698.593996203271672 ], [ 508838.400959495396819, 778698.593996203271672 ] ] ] } },
{ "type": "Feature", "properties": { "grid_id": "3_12", "n_landslides": 1.0, "total_area_m2": 1863.8985708560556, "mean_compactness": 0.50328398639634386, "density_km2": 1.0, "HLD_norm": 0.021276595744228161, "MAG_norm": 0.6663506125630605, "CHAN_norm": 0.51991037512737126, "LS_LRSI": 31.452555666650646, "risk_class": "Medium" }, "geometry": { "type": "Polygon", "coordinates": [ [ [ 508838.400959495396819, 779698.593996203271672 ], [ 508838.400959495396819, 780698.593996203271672 ], [ 507838.400959495396819, 780698.593996203271672 ], [ 507838.400959495396819, 779698.593996203271672 ], [ 508838.400959495396819, 779698.593996203271672 ] ] ] } },
{ "type": "Feature", "properties": { "grid_id": "3_13", "n_landslides": 0.0, "total_area_m2": 0.0, "mean_compactness": 0.58495690026143277, "density_km2": 0.0, "HLD_norm": 0.0, "MAG_norm": 0.0, "CHAN_norm": 0.41472604691511072, "LS_LRSI": 8.2945209383022149, "risk_class": "Low" }, "geometry": { "type": "Polygon", "coordinates": [ [ [ 508838.400959495396819, 780698.593996203271672 ], [ 508838.400959495396819, 781698.593996203271672 ], [ 507838.400959495396819, 781698.593996203271672 ], [ 507838.400959495396819, 780698.593996203271672 ], [ 508838.400959495396819, 780698.593996203271672 ] ] ] } },
{ "type": "Feature", "properties": { "grid_id": "3_14", "n_landslides": 0.0, "total_area_m2": 0.0, "mean_compactness": 0.58495690026143277, "density_km2": 0.0, "HLD_norm": 0.0, "MAG_norm": 0.0, "CHAN_norm": 0.41472604691511072, "LS_LRSI": 8.2945209383022149, "risk_class": "Low" }, "geometry": { "type": "Polygon", "coordinates": [ [ [ 508838.400959495396819, 781698.593996203271672 ], [ 508838.400959495396819, 782698.593996203271672 ], [ 507838.400959495396819, 782698.593996203271672 ], [ 507838.400959495396819, 781698.593996203271672 ], [ 508838.400959495396819, 781698.593996203271672 ] ] ] } },
{ "type": "Feature", "properties": { "grid_id": "3_15", "n_landslides": 0.0, "total_area_m2": 0.0, "mean_compactness": 0.58495690026143277, "density_km2": 0.0, "HLD_norm": 0.0, "MAG_norm": 0.0, "CHAN_norm": 0.41472604691511072, "LS_LRSI": 8.2945209383022149, "risk_class": "Low" }, "geometry": { "type": "Polygon", "coordinates": [ [ [ 508838.400959495396819, 782698.593996203271672 ], [ 508838.400959495396819, 783698.593996203271672 ], [ 507838.400959495396819, 783698.593996203271672 ], [ 507838.400959495396819, 782698.593996203271672 ], [ 508838.400959495396819, 782698.593996203271672 ] ] ] } },
{ "type": "Feature", "properties": { "grid_id": "3_16", "n_landslides": 1.0, "total_area_m2": 19067.137516171195, "mean_compactness": 0.16171763336393363, "density_km2": 1.0, "HLD_norm": 0.021276595744228161, "MAG_norm": 0.8720534121570811, "CHAN_norm": 0.95980440710684078, "LS_LRSI": 46.421520294060656, "risk_class": "Very High" }, "geometry": { "type": "Polygon", "coordinates": [ [ [ 508838.400959495396819, 783698.593996203271672 ], [ 508838.400959495396819, 784698.593996203271672 ], [ 507838.400959495396819, 784698.593996203271672 ], [ 507838.400959495396819, 783698.593996203271672 ], [ 508838.400959495396819, 783698.593996203271672 ] ] ] } },
{ "type": "Feature", "properties": { "grid_id": "3_17", "n_landslides": 1.0, "total_area_m2": 1618.0483578099772, "mean_compactness": 0.58859480061935787, "density_km2": 1.0, "HLD_norm": 0.021276595744228161, "MAG_norm": 0.65384215269664203, "CHAN_norm": 0.41004089381914588, "LS_LRSI": 28.879912244493589, "risk_class": "Medium" }, "geometry": { "type": "Polygon", "coordinates": [ [ [ 508838.400959495396819, 784698.593996203271672 ], [ 508838.400959495396819, 785698.593996203271672 ], [ 507838.400959495396819, 785698.593996203271672 ], [ 507838.400959495396819, 784698.593996203271672 ], [ 508838.400959495396819, 784698.593996203271672 ] ] ] } },
{ "type": "Feature", "properties": { "grid_id": "4_0", "n_landslides": 0.0, "total_area_m2": 0.0, "mean_compactness": 0.58495690026143277, "density_km2": 0.0, "HLD_norm": 0.0, "MAG_norm": 0.0, "CHAN_norm": 0.41472604691511072, "LS_LRSI": 8.2945209383022149, "risk_class": "Low" }, "geometry": { "type": "Polygon", "coordinates": [ [ [ 509838.400959495396819, 767698.593996203271672 ], [ 509838.400959495396819, 768698.593996203271672 ], [ 508838.400959495396819, 768698.593996203271672 ], [ 508838.400959495396819, 767698.593996203271672 ], [ 509838.400959495396819, 767698.593996203271672 ] ] ] } },
{ "type": "Feature", "properties": { "grid_id": "4_1", "n_landslides": 0.0, "total_area_m2": 0.0, "mean_compactness": 0.58495690026143277, "density_km2": 0.0, "HLD_norm": 0.0, "MAG_norm": 0.0, "CHAN_norm": 0.41472604691511072, "LS_LRSI": 8.2945209383022149, "risk_class": "Low" }, "geometry": { "type": "Polygon", "coordinates": [ [ [ 509838.400959495396819, 768698.593996203271672 ], [ 509838.400959495396819, 769698.593996203271672 ], [ 508838.400959495396819, 769698.593996203271672 ], [ 508838.400959495396819, 768698.593996203271672 ], [ 509838.400959495396819, 768698.593996203271672 ] ] ] } },
{ "type": "Feature", "properties": { "grid_id": "4_2", "n_landslides": 0.0, "total_area_m2": 0.0, "mean_compactness": 0.58495690026143277, "density_km2": 0.0, "HLD_norm": 0.0, "MAG_norm": 0.0, "CHAN_norm": 0.41472604691511072, "LS_LRSI": 8.2945209383022149, "risk_class": "Low" }, "geometry": { "type": "Polygon", "coordinates": [ [ [ 509838.400959495396819, 769698.593996203271672 ], [ 509838.400959495396819, 770698.593996203271672 ], [ 508838.400959495396819, 770698.593996203271672 ], [ 508838.400959495396819, 769698.593996203271672 ], [ 509838.400959495396819, 769698.593996203271672 ] ] ] } },
{ "type": "Feature", "properties": { "grid_id": "4_3", "n_landslides": 0.0, "total_area_m2": 0.0, "mean_compactness": 0.58495690026143277, "density_km2": 0.0, "HLD_norm": 0.0, "MAG_norm": 0.0, "CHAN_norm": 0.41472604691511072, "LS_LRSI": 8.2945209383022149, "risk_class": "Low" }, "geometry": { "type": "Polygon", "coordinates": [ [ [ 509838.400959495396819, 770698.593996203271672 ], [ 509838.400959495396819, 771698.593996203271672 ], [ 508838.400959495396819, 771698.593996203271672 ], [ 508838.400959495396819, 770698.593996203271672 ], [ 509838.400959495396819, 770698.593996203271672 ] ] ] } },
{ "type": "Feature", "properties": { "grid_id": "4_4", "n_landslides": 0.0, "total_area_m2": 0.0, "mean_compactness": 0.58495690026143277, "density_km2": 0.0, "HLD_norm": 0.0, "MAG_norm": 0.0, "CHAN_norm": 0.41472604691511072, "LS_LRSI": 8.2945209383022149, "risk_class": "Low" }, "geometry": { "type": "Polygon", "coordinates": [ [ [ 509838.400959495396819, 771698.593996203271672 ], [ 509838.400959495396819, 772698.593996203271672 ], [ 508838.400959495396819, 772698.593996203271672 ], [ 508838.400959495396819, 771698.593996203271672 ], [ 509838.400959495396819, 771698.593996203271672 ] ] ] } },
{ "type": "Feature", "properties": { "grid_id": "4_5", "n_landslides": 0.0, "total_area_m2": 0.0, "mean_compactness": 0.58495690026143277, "density_km2": 0.0, "HLD_norm": 0.0, "MAG_norm": 0.0, "CHAN_norm": 0.41472604691511072, "LS_LRSI": 8.2945209383022149, "risk_class": "Low" }, "geometry": { "type": "Polygon", "coordinates": [ [ [ 509838.400959495396819, 772698.593996203271672 ], [ 509838.400959495396819, 773698.593996203271672 ], [ 508838.400959495396819, 773698.593996203271672 ], [ 508838.400959495396819, 772698.593996203271672 ], [ 509838.400959495396819, 772698.593996203271672 ] ] ] } },
{ "type": "Feature", "properties": { "grid_id": "4_6", "n_landslides": 0.0, "total_area_m2": 0.0, "mean_compactness": 0.58495690026143277, "density_km2": 0.0, "HLD_norm": 0.0, "MAG_norm": 0.0, "CHAN_norm": 0.41472604691511072, "LS_LRSI": 8.2945209383022149, "risk_class": "Low" }, "geometry": { "type": "Polygon", "coordinates": [ [ [ 509838.400959495396819, 773698.593996203271672 ], [ 509838.400959495396819, 774698.593996203271672 ], [ 508838.400959495396819, 774698.593996203271672 ], [ 508838.400959495396819, 773698.593996203271672 ], [ 509838.400959495396819, 773698.593996203271672 ] ] ] } },
{ "type": "Feature", "properties": { "grid_id": "4_7", "n_landslides": 3.0, "total_area_m2": 285.96822279967682, "mean_compactness": 0.8967314087294751, "density_km2": 3.0, "HLD_norm": 0.063829787232684482, "MAG_norm": 0.50074953041554504, "CHAN_norm": 0.013200122652275326, "LS_LRSI": 18.477977727146079, "risk_class": "Medium" }, "geometry": { "type": "Polygon", "coordinates": [ [ [ 509838.400959495396819, 774698.593996203271672 ], [ 509838.400959495396819, 775698.593996203271672 ], [ 508838.400959495396819, 775698.593996203271672 ], [ 508838.400959495396819, 774698.593996203271672 ], [ 509838.400959495396819, 774698.593996203271672 ] ] ] } },
{ "type": "Feature", "properties": { "grid_id": "4_8", "n_landslides": 0.0, "total_area_m2": 0.0, "mean_compactness": 0.58495690026143277, "density_km2": 0.0, "HLD_norm": 0.0, "MAG_norm": 0.0, "CHAN_norm": 0.41472604691511072, "LS_LRSI": 8.2945209383022149, "risk_class": "Low" }, "geometry": { "type": "Polygon", "coordinates": [ [ [ 509838.400959495396819, 775698.593996203271672 ], [ 509838.400959495396819, 776698.593996203271672 ], [ 508838.400959495396819, 776698.593996203271672 ], [ 508838.400959495396819, 775698.593996203271672 ], [ 509838.400959495396819, 775698.593996203271672 ] ] ] } },
{ "type": "Feature", "properties": { "grid_id": "4_9", "n_landslides": 2.0, "total_area_m2": 189.21528722010686, "mean_compactness": 0.90698096199969225, "density_km2": 2.0, "HLD_norm": 0.042553191488456321, "MAG_norm": 0.46436462411515983, "CHAN_norm": 1.2878728083975943e-09, "LS_LRSI": 16.058598323635067, "risk_class": "Medium" }, "geometry": { "type": "Polygon", "coordinates": [ [ [ 509838.400959495396819, 776698.593996203271672 ], [ 509838.400959495396819, 777698.593996203271672 ], [ 508838.400959495396819, 777698.593996203271672 ], [ 508838.400959495396819, 776698.593996203271672 ], [ 509838.400959495396819, 776698.593996203271672 ] ] ] } },
{ "type": "Feature", "properties": { "grid_id": "4_10", "n_landslides": 6.0, "total_area_m2": 5374.0498639894849, "mean_compactness": 0.65823106618465943, "density_km2": 6.0, "HLD_norm": 0.12765957446536896, "MAG_norm": 0.76001366639273382, "CHAN_norm": 0.32035823813728781, "LS_LRSI": 35.590553477796213, "risk_class": "High" }, "geometry": { "type": "Polygon", "coordinates": [ [ [ 509838.400959495396819, 777698.593996203271672 ], [ 509838.400959495396819, 778698.593996203271672 ], [ 508838.400959495396819, 778698.593996203271672 ], [ 508838.400959495396819, 777698.593996203271672 ], [ 509838.400959495396819, 777698.593996203271672 ] ] ] } },
{ "type": "Feature", "properties": { "grid_id": "4_11", "n_landslides": 2.0, "total_area_m2": 8936.2632301556259, "mean_compactness": 0.49391954757366646, "density_km2": 2.0, "HLD_norm": 0.042553191488456321, "MAG_norm": 0.80500309506615642, "CHAN_norm": 0.53197058162710731, "LS_LRSI": 36.917164058949652, "risk_class": "High" }, "geometry": { "type": "Polygon", "coordinates": [ [ [ 509838.400959495396819, 778698.593996203271672 ], [ 509838.400959495396819, 779698.593996203271672 ], [ 508838.400959495396819, 779698.593996203271672 ], [ 508838.400959495396819, 778698.593996203271672 ], [ 509838.400959495396819, 778698.593996203271672 ] ] ] } },
{ "type": "Feature", "properties": { "grid_id": "4_12", "n_landslides": 4.0, "total_area_m2": 17149.513059451398, "mean_compactness": 0.38426697449835612, "density_km2": 4.0, "HLD_norm": 0.085106382976912642, "MAG_norm": 0.86267520234090056, "CHAN_norm": 0.67318915324222417, "LS_LRSI": 43.599358283917134, "risk_class": "Very High" }, "geometry": { "type": "Polygon", "coordinates": [ [ [ 509838.400959495396819, 779698.593996203271672 ], [ 509838.400959495396819, 780698.593996203271672 ], [ 508838.400959495396819, 780698.593996203271672 ], [ 508838.400959495396819, 779698.593996203271672 ], [ 509838.400959495396819, 779698.593996203271672 ] ] ] } },
{ "type": "Feature", "properties": { "grid_id": "4_13", "n_landslides": 1.0, "total_area_m2": 1953.6725824487626, "mean_compactness": 0.63667115465963631, "density_km2": 1.0, "HLD_norm": 0.021276595744228161, "MAG_norm": 0.67051066075811472, "CHAN_norm": 0.34812466280313636, "LS_LRSI": 28.14164286601758, "risk_class": "Medium" }, "geometry": { "type": "Polygon", "coordinates": [ [ [ 509838.400959495396819, 780698.593996203271672 ], [ 509838.400959495396819, 781698.593996203271672 ], [ 508838.400959495396819, 781698.593996203271672 ], [ 508838.400959495396819, 780698.593996203271672 ], [ 509838.400959495396819, 780698.593996203271672 ] ] ] } },
{ "type": "Feature", "properties": { "grid_id": "4_14", "n_landslides": 0.0, "total_area_m2": 0.0, "mean_compactness": 0.58495690026143277, "density_km2": 0.0, "HLD_norm": 0.0, "MAG_norm": 0.0, "CHAN_norm": 0.41472604691511072, "LS_LRSI": 8.2945209383022149, "risk_class": "Low" }, "geometry": { "type": "Polygon", "coordinates": [ [ [ 509838.400959495396819, 781698.593996203271672 ], [ 509838.400959495396819, 782698.593996203271672 ], [ 508838.400959495396819, 782698.593996203271672 ], [ 508838.400959495396819, 781698.593996203271672 ], [ 509838.400959495396819, 781698.593996203271672 ] ] ] } },
{ "type": "Feature", "properties": { "grid_id": "4_15", "n_landslides": 0.0, "total_area_m2": 0.0, "mean_compactness": 0.58495690026143277, "density_km2": 0.0, "HLD_norm": 0.0, "MAG_norm": 0.0, "CHAN_norm": 0.41472604691511072, "LS_LRSI": 8.2945209383022149, "risk_class": "Low" }, "geometry": { "type": "Polygon", "coordinates": [ [ [ 509838.400959495396819, 782698.593996203271672 ], [ 509838.400959495396819, 783698.593996203271672 ], [ 508838.400959495396819, 783698.593996203271672 ], [ 508838.400959495396819, 782698.593996203271672 ], [ 509838.400959495396819, 782698.593996203271672 ] ] ] } },
{ "type": "Feature", "properties": { "grid_id": "4_16", "n_landslides": 2.0, "total_area_m2": 9204.7779253090557, "mean_compactness": 0.36029028605615787, "density_km2": 2.0, "HLD_norm": 0.042553191488456321, "MAG_norm": 0.80762231536893259, "CHAN_norm": 0.7040680792802152, "LS_LRSI": 40.437690621095093, "risk_class": "High" }, "geometry": { "type": "Polygon", "coordinates": [ [ [ 509838.400959495396819, 783698.593996203271672 ], [ 509838.400959495396819, 784698.593996203271672 ], [ 508838.400959495396819, 784698.593996203271672 ], [ 508838.400959495396819, 783698.593996203271672 ], [ 509838.400959495396819, 783698.593996203271672 ] ] ] } },
{ "type": "Feature", "properties": { "grid_id": "4_17", "n_landslides": 0.0, "total_area_m2": 0.0, "mean_compactness": 0.58495690026143277, "density_km2": 0.0, "HLD_norm": 0.0, "MAG_norm": 0.0, "CHAN_norm": 0.41472604691511072, "LS_LRSI": 8.2945209383022149, "risk_class": "Low" }, "geometry": { "type": "Polygon", "coordinates": [ [ [ 509838.400959495396819, 784698.593996203271672 ], [ 509838.400959495396819, 785698.593996203271672 ], [ 508838.400959495396819, 785698.593996203271672 ], [ 508838.400959495396819, 784698.593996203271672 ], [ 509838.400959495396819, 784698.593996203271672 ] ] ] } },
{ "type": "Feature", "properties": { "grid_id": "5_0", "n_landslides": 0.0, "total_area_m2": 0.0, "mean_compactness": 0.58495690026143277, "density_km2": 0.0, "HLD_norm": 0.0, "MAG_norm": 0.0, "CHAN_norm": 0.41472604691511072, "LS_LRSI": 8.2945209383022149, "risk_class": "Low" }, "geometry": { "type": "Polygon", "coordinates": [ [ [ 510838.400959495396819, 767698.593996203271672 ], [ 510838.400959495396819, 768698.593996203271672 ], [ 509838.400959495396819, 768698.593996203271672 ], [ 509838.400959495396819, 767698.593996203271672 ], [ 510838.400959495396819, 767698.593996203271672 ] ] ] } },
{ "type": "Feature", "properties": { "grid_id": "5_1", "n_landslides": 0.0, "total_area_m2": 0.0, "mean_compactness": 0.58495690026143277, "density_km2": 0.0, "HLD_norm": 0.0, "MAG_norm": 0.0, "CHAN_norm": 0.41472604691511072, "LS_LRSI": 8.2945209383022149, "risk_class": "Low" }, "geometry": { "type": "Polygon", "coordinates": [ [ [ 510838.400959495396819, 768698.593996203271672 ], [ 510838.400959495396819, 769698.593996203271672 ], [ 509838.400959495396819, 769698.593996203271672 ], [ 509838.400959495396819, 768698.593996203271672 ], [ 510838.400959495396819, 768698.593996203271672 ] ] ] } },
{ "type": "Feature", "properties": { "grid_id": "5_2", "n_landslides": 0.0, "total_area_m2": 0.0, "mean_compactness": 0.58495690026143277, "density_km2": 0.0, "HLD_norm": 0.0, "MAG_norm": 0.0, "CHAN_norm": 0.41472604691511072, "LS_LRSI": 8.2945209383022149, "risk_class": "Low" }, "geometry": { "type": "Polygon", "coordinates": [ [ [ 510838.400959495396819, 769698.593996203271672 ], [ 510838.400959495396819, 770698.593996203271672 ], [ 509838.400959495396819, 770698.593996203271672 ], [ 509838.400959495396819, 769698.593996203271672 ], [ 510838.400959495396819, 769698.593996203271672 ] ] ] } },
{ "type": "Feature", "properties": { "grid_id": "5_3", "n_landslides": 0.0, "total_area_m2": 0.0, "mean_compactness": 0.58495690026143277, "density_km2": 0.0, "HLD_norm": 0.0, "MAG_norm": 0.0, "CHAN_norm": 0.41472604691511072, "LS_LRSI": 8.2945209383022149, "risk_class": "Low" }, "geometry": { "type": "Polygon", "coordinates": [ [ [ 510838.400959495396819, 770698.593996203271672 ], [ 510838.400959495396819, 771698.593996203271672 ], [ 509838.400959495396819, 771698.593996203271672 ], [ 509838.400959495396819, 770698.593996203271672 ], [ 510838.400959495396819, 770698.593996203271672 ] ] ] } },
{ "type": "Feature", "properties": { "grid_id": "5_4", "n_landslides": 0.0, "total_area_m2": 0.0, "mean_compactness": 0.58495690026143277, "density_km2": 0.0, "HLD_norm": 0.0, "MAG_norm": 0.0, "CHAN_norm": 0.41472604691511072, "LS_LRSI": 8.2945209383022149, "risk_class": "Low" }, "geometry": { "type": "Polygon", "coordinates": [ [ [ 510838.400959495396819, 771698.593996203271672 ], [ 510838.400959495396819, 772698.593996203271672 ], [ 509838.400959495396819, 772698.593996203271672 ], [ 509838.400959495396819, 771698.593996203271672 ], [ 510838.400959495396819, 771698.593996203271672 ] ] ] } },
{ "type": "Feature", "properties": { "grid_id": "5_5", "n_landslides": 0.0, "total_area_m2": 0.0, "mean_compactness": 0.58495690026143277, "density_km2": 0.0, "HLD_norm": 0.0, "MAG_norm": 0.0, "CHAN_norm": 0.41472604691511072, "LS_LRSI": 8.2945209383022149, "risk_class": "Low" }, "geometry": { "type": "Polygon", "coordinates": [ [ [ 510838.400959495396819, 772698.593996203271672 ], [ 510838.400959495396819, 773698.593996203271672 ], [ 509838.400959495396819, 773698.593996203271672 ], [ 509838.400959495396819, 772698.593996203271672 ], [ 510838.400959495396819, 772698.593996203271672 ] ] ] } },
{ "type": "Feature", "properties": { "grid_id": "5_6", "n_landslides": 1.0, "total_area_m2": 2233.2239658613212, "mean_compactness": 0.47932839802744065, "density_km2": 1.0, "HLD_norm": 0.021276595744228161, "MAG_norm": 0.68233808966389675, "CHAN_norm": 0.55076212695386739, "LS_LRSI": 32.549215016205657, "risk_class": "High" }, "geometry": { "type": "Polygon", "coordinates": [ [ [ 510838.400959495396819, 773698.593996203271672 ], [ 510838.400959495396819, 774698.593996203271672 ], [ 509838.400959495396819, 774698.593996203271672 ], [ 509838.400959495396819, 773698.593996203271672 ], [ 510838.400959495396819, 773698.593996203271672 ] ] ] } },
{ "type": "Feature", "properties": { "grid_id": "5_7", "n_landslides": 7.0, "total_area_m2": 8529.6518431246459, "mean_compactness": 0.62401473910855743, "density_km2": 7.0, "HLD_norm": 0.14893617020959712, "MAG_norm": 0.80088307560220118, "CHAN_norm": 0.36442451674877219, "LS_LRSI": 38.76179111352134, "risk_class": "High" }, "geometry": { "type": "Polygon", "coordinates": [ [ [ 510838.400959495396819, 774698.593996203271672 ], [ 510838.400959495396819, 775698.593996203271672 ], [ 509838.400959495396819, 775698.593996203271672 ], [ 509838.400959495396819, 774698.593996203271672 ], [ 510838.400959495396819, 774698.593996203271672 ] ] ] } },
{ "type": "Feature", "properties": { "grid_id": "5_8", "n_landslides": 0.0, "total_area_m2": 0.0, "mean_compactness": 0.58495690026143277, "density_km2": 0.0, "HLD_norm": 0.0, "MAG_norm": 0.0, "CHAN_norm": 0.41472604691511072, "LS_LRSI": 8.2945209383022149, "risk_class": "Low" }, "geometry": { "type": "Polygon", "coordinates": [ [ [ 510838.400959495396819, 775698.593996203271672 ], [ 510838.400959495396819, 776698.593996203271672 ], [ 509838.400959495396819, 776698.593996203271672 ], [ 509838.400959495396819, 775698.593996203271672 ], [ 510838.400959495396819, 775698.593996203271672 ] ] ] } },
{ "type": "Feature", "properties": { "grid_id": "5_9", "n_landslides": 4.0, "total_area_m2": 2273.0682184275156, "mean_compactness": 0.67808723558419126, "density_km2": 4.0, "HLD_norm": 0.085106382976912642, "MAG_norm": 0.68390212759417202, "CHAN_norm": 0.29478601669544513, "LS_LRSI": 30.668103310579696, "risk_class": "Medium" }, "geometry": { "type": "Polygon", "coordinates": [ [ [ 510838.400959495396819, 776698.593996203271672 ], [ 510838.400959495396819, 777698.593996203271672 ], [ 509838.400959495396819, 777698.593996203271672 ], [ 509838.400959495396819, 776698.593996203271672 ], [ 510838.400959495396819, 776698.593996203271672 ] ] ] } },
{ "type": "Feature", "properties": { "grid_id": "5_10", "n_landslides": 3.0, "total_area_m2": 1950.6578781888334, "mean_compactness": 0.76524232001570425, "density_km2": 3.0, "HLD_norm": 0.063829787232684482, "MAG_norm": 0.67037408986026037, "CHAN_norm": 0.18254134986067794, "LS_LRSI": 26.95353905465559, "risk_class": "Medium" }, "geometry": { "type": "Polygon", "coordinates": [ [ [ 510838.400959495396819, 777698.593996203271672 ], [ 510838.400959495396819, 778698.593996203271672 ], [ 509838.400959495396819, 778698.593996203271672 ], [ 509838.400959495396819, 777698.593996203271672 ], [ 510838.400959495396819, 777698.593996203271672 ] ] ] } },
{ "type": "Feature", "properties": { "grid_id": "5_11", "n_landslides": 2.0, "total_area_m2": 8063.7549884184155, "mean_compactness": 0.578192476839826, "density_km2": 2.0, "HLD_norm": 0.042553191488456321, "MAG_norm": 0.7959137397102185, "CHAN_norm": 0.42343776417452306, "LS_LRSI": 34.473827049219828, "risk_class": "High" }, "geometry": { "type": "Polygon", "coordinates": [ [ [ 510838.400959495396819, 778698.593996203271672 ], [ 510838.400959495396819, 779698.593996203271672 ], [ 509838.400959495396819, 779698.593996203271672 ], [ 509838.400959495396819, 778698.593996203271672 ], [ 510838.400959495396819, 778698.593996203271672 ] ] ] } },
{ "type": "Feature", "properties": { "grid_id": "5_12", "n_landslides": 10.0, "total_area_m2": 18965.771733465048, "mean_compactness": 0.52421768445504102, "density_km2": 10.0, "HLD_norm": 0.21276595744228158, "MAG_norm": 0.87158179199205743, "CHAN_norm": 0.49295043378207337, "LS_LRSI": 46.644760307517267, "risk_class": "Very High" }, "geometry": { "type": "Polygon", "coordinates": [ [ [ 510838.400959495396819, 779698.593996203271672 ], [ 510838.400959495396819, 780698.593996203271672 ], [ 509838.400959495396819, 780698.593996203271672 ], [ 509838.400959495396819, 779698.593996203271672 ], [ 510838.400959495396819, 779698.593996203271672 ] ] ] } },
{ "type": "Feature", "properties": { "grid_id": "5_13", "n_landslides": 1.0, "total_area_m2": 4334.8274239453494, "mean_compactness": 0.34265370994081112, "density_km2": 1.0, "HLD_norm": 0.021276595744228161, "MAG_norm": 0.74100294495812224, "CHAN_norm": 0.72678174679698182, "LS_LRSI": 37.829553071894715, "risk_class": "High" }, "geometry": { "type": "Polygon", "coordinates": [ [ [ 510838.400959495396819, 780698.593996203271672 ], [ 510838.400959495396819, 781698.593996203271672 ], [ 509838.400959495396819, 781698.593996203271672 ], [ 509838.400959495396819, 780698.593996203271672 ], [ 510838.400959495396819, 780698.593996203271672 ] ] ] } },
{ "type": "Feature", "properties": { "grid_id": "5_14", "n_landslides": 10.0, "total_area_m2": 36079.00780708489, "mean_compactness": 0.43650902382473122, "density_km2": 10.0, "HLD_norm": 0.21276595744228158, "MAG_norm": 0.92847983204182072, "CHAN_norm": 0.60590803637276225, "LS_LRSI": 50.610853560823941, "risk_class": "Very High" }, "geometry": { "type": "Polygon", "coordinates": [ [ [ 510838.400959495396819, 781698.593996203271672 ], [ 510838.400959495396819, 782698.593996203271672 ], [ 509838.400959495396819, 782698.593996203271672 ], [ 509838.400959495396819, 781698.593996203271672 ], [ 510838.400959495396819, 781698.593996203271672 ] ] ] } },
{ "type": "Feature", "properties": { "grid_id": "5_15", "n_landslides": 0.0, "total_area_m2": 0.0, "mean_compactness": 0.58495690026143277, "density_km2": 0.0, "HLD_norm": 0.0, "MAG_norm": 0.0, "CHAN_norm": 0.41472604691511072, "LS_LRSI": 8.2945209383022149, "risk_class": "Low" }, "geometry": { "type": "Polygon", "coordinates": [ [ [ 510838.400959495396819, 782698.593996203271672 ], [ 510838.400959495396819, 783698.593996203271672 ], [ 509838.400959495396819, 783698.593996203271672 ], [ 509838.400959495396819, 782698.593996203271672 ], [ 510838.400959495396819, 782698.593996203271672 ] ] ] } },
{ "type": "Feature", "properties": { "grid_id": "5_16", "n_landslides": 0.0, "total_area_m2": 0.0, "mean_compactness": 0.58495690026143277, "density_km2": 0.0, "HLD_norm": 0.0, "MAG_norm": 0.0, "CHAN_norm": 0.41472604691511072, "LS_LRSI": 8.2945209383022149, "risk_class": "Low" }, "geometry": { "type": "Polygon", "coordinates": [ [ [ 510838.400959495396819, 783698.593996203271672 ], [ 510838.400959495396819, 784698.593996203271672 ], [ 509838.400959495396819, 784698.593996203271672 ], [ 509838.400959495396819, 783698.593996203271672 ], [ 510838.400959495396819, 783698.593996203271672 ] ] ] } },
{ "type": "Feature", "properties": { "grid_id": "5_17", "n_landslides": 0.0, "total_area_m2": 0.0, "mean_compactness": 0.58495690026143277, "density_km2": 0.0, "HLD_norm": 0.0, "MAG_norm": 0.0, "CHAN_norm": 0.41472604691511072, "LS_LRSI": 8.2945209383022149, "risk_class": "Low" }, "geometry": { "type": "Polygon", "coordinates": [ [ [ 510838.400959495396819, 784698.593996203271672 ], [ 510838.400959495396819, 785698.593996203271672 ], [ 509838.400959495396819, 785698.593996203271672 ], [ 509838.400959495396819, 784698.593996203271672 ], [ 510838.400959495396819, 784698.593996203271672 ] ] ] } },
{ "type": "Feature", "properties": { "grid_id": "6_0", "n_landslides": 0.0, "total_area_m2": 0.0, "mean_compactness": 0.58495690026143277, "density_km2": 0.0, "HLD_norm": 0.0, "MAG_norm": 0.0, "CHAN_norm": 0.41472604691511072, "LS_LRSI": 8.2945209383022149, "risk_class": "Low" }, "geometry": { "type": "Polygon", "coordinates": [ [ [ 511838.400959495396819, 767698.593996203271672 ], [ 511838.400959495396819, 768698.593996203271672 ], [ 510838.400959495396819, 768698.593996203271672 ], [ 510838.400959495396819, 767698.593996203271672 ], [ 511838.400959495396819, 767698.593996203271672 ] ] ] } },
{ "type": "Feature", "properties": { "grid_id": "6_1", "n_landslides": 0.0, "total_area_m2": 0.0, "mean_compactness": 0.58495690026143277, "density_km2": 0.0, "HLD_norm": 0.0, "MAG_norm": 0.0, "CHAN_norm": 0.41472604691511072, "LS_LRSI": 8.2945209383022149, "risk_class": "Low" }, "geometry": { "type": "Polygon", "coordinates": [ [ [ 511838.400959495396819, 768698.593996203271672 ], [ 511838.400959495396819, 769698.593996203271672 ], [ 510838.400959495396819, 769698.593996203271672 ], [ 510838.400959495396819, 768698.593996203271672 ], [ 511838.400959495396819, 768698.593996203271672 ] ] ] } },
{ "type": "Feature", "properties": { "grid_id": "6_2", "n_landslides": 0.0, "total_area_m2": 0.0, "mean_compactness": 0.58495690026143277, "density_km2": 0.0, "HLD_norm": 0.0, "MAG_norm": 0.0, "CHAN_norm": 0.41472604691511072, "LS_LRSI": 8.2945209383022149, "risk_class": "Low" }, "geometry": { "type": "Polygon", "coordinates": [ [ [ 511838.400959495396819, 769698.593996203271672 ], [ 511838.400959495396819, 770698.593996203271672 ], [ 510838.400959495396819, 770698.593996203271672 ], [ 510838.400959495396819, 769698.593996203271672 ], [ 511838.400959495396819, 769698.593996203271672 ] ] ] } },
{ "type": "Feature", "properties": { "grid_id": "6_3", "n_landslides": 0.0, "total_area_m2": 0.0, "mean_compactness": 0.58495690026143277, "density_km2": 0.0, "HLD_norm": 0.0, "MAG_norm": 0.0, "CHAN_norm": 0.41472604691511072, "LS_LRSI": 8.2945209383022149, "risk_class": "Low" }, "geometry": { "type": "Polygon", "coordinates": [ [ [ 511838.400959495396819, 770698.593996203271672 ], [ 511838.400959495396819, 771698.593996203271672 ], [ 510838.400959495396819, 771698.593996203271672 ], [ 510838.400959495396819, 770698.593996203271672 ], [ 511838.400959495396819, 770698.593996203271672 ] ] ] } },
{ "type": "Feature", "properties": { "grid_id": "6_4", "n_landslides": 0.0, "total_area_m2": 0.0, "mean_compactness": 0.58495690026143277, "density_km2": 0.0, "HLD_norm": 0.0, "MAG_norm": 0.0, "CHAN_norm": 0.41472604691511072, "LS_LRSI": 8.2945209383022149, "risk_class": "Low" }, "geometry": { "type": "Polygon", "coordinates": [ [ [ 511838.400959495396819, 771698.593996203271672 ], [ 511838.400959495396819, 772698.593996203271672 ], [ 510838.400959495396819, 772698.593996203271672 ], [ 510838.400959495396819, 771698.593996203271672 ], [ 511838.400959495396819, 771698.593996203271672 ] ] ] } },
{ "type": "Feature", "properties": { "grid_id": "6_5", "n_landslides": 0.0, "total_area_m2": 0.0, "mean_compactness": 0.58495690026143277, "density_km2": 0.0, "HLD_norm": 0.0, "MAG_norm": 0.0, "CHAN_norm": 0.41472604691511072, "LS_LRSI": 8.2945209383022149, "risk_class": "Low" }, "geometry": { "type": "Polygon", "coordinates": [ [ [ 511838.400959495396819, 772698.593996203271672 ], [ 511838.400959495396819, 773698.593996203271672 ], [ 510838.400959495396819, 773698.593996203271672 ], [ 510838.400959495396819, 772698.593996203271672 ], [ 511838.400959495396819, 772698.593996203271672 ] ] ] } },
{ "type": "Feature", "properties": { "grid_id": "6_6", "n_landslides": 0.0, "total_area_m2": 0.0, "mean_compactness": 0.58495690026143277, "density_km2": 0.0, "HLD_norm": 0.0, "MAG_norm": 0.0, "CHAN_norm": 0.41472604691511072, "LS_LRSI": 8.2945209383022149, "risk_class": "Low" }, "geometry": { "type": "Polygon", "coordinates": [ [ [ 511838.400959495396819, 773698.593996203271672 ], [ 511838.400959495396819, 774698.593996203271672 ], [ 510838.400959495396819, 774698.593996203271672 ], [ 510838.400959495396819, 773698.593996203271672 ], [ 511838.400959495396819, 773698.593996203271672 ] ] ] } },
{ "type": "Feature", "properties": { "grid_id": "6_7", "n_landslides": 1.0, "total_area_m2": 2461.4810087863725, "mean_compactness": 0.54785537789426875, "density_km2": 1.0, "HLD_norm": 0.021276595744228161, "MAG_norm": 0.69094516334272948, "CHAN_norm": 0.46250809020413353, "LS_LRSI": 31.042346491575966, "risk_class": "Medium" }, "geometry": { "type": "Polygon", "coordinates": [ [ [ 511838.400959495396819, 774698.593996203271672 ], [ 511838.400959495396819, 775698.593996203271672 ], [ 510838.400959495396819, 775698.593996203271672 ], [ 510838.400959495396819, 774698.593996203271672 ], [ 511838.400959495396819, 774698.593996203271672 ] ] ] } },
{ "type": "Feature", "properties": { "grid_id": "6_8", "n_landslides": 1.0, "total_area_m2": 5387.4671169784415, "mean_compactness": 0.37538692439926924, "density_km2": 1.0, "HLD_norm": 0.021276595744228161, "MAG_norm": 0.76023425951982793, "CHAN_norm": 0.68462552865680237, "LS_LRSI": 37.563368145942292, "risk_class": "High" }, "geometry": { "type": "Polygon", "coordinates": [ [ [ 511838.400959495396819, 775698.593996203271672 ], [ 511838.400959495396819, 776698.593996203271672 ], [ 510838.400959495396819, 776698.593996203271672 ], [ 510838.400959495396819, 775698.593996203271672 ], [ 511838.400959495396819, 775698.593996203271672 ] ] ] } },
{ "type": "Feature", "properties": { "grid_id": "6_9", "n_landslides": 1.0, "total_area_m2": 3210.4280424422454, "mean_compactness": 0.55493656292095983, "density_km2": 1.0, "HLD_norm": 0.021276595744228161, "MAG_norm": 0.71444109394775501, "CHAN_norm": 0.45338842427413417, "LS_LRSI": 31.564831091126745, "risk_class": "Medium" }, "geometry": { "type": "Polygon", "coordinates": [ [ [ 511838.400959495396819, 776698.593996203271672 ], [ 511838.400959495396819, 777698.593996203271672 ], [ 510838.400959495396819, 777698.593996203271672 ], [ 510838.400959495396819, 776698.593996203271672 ], [ 511838.400959495396819, 776698.593996203271672 ] ] ] } },
{ "type": "Feature", "properties": { "grid_id": "6_10", "n_landslides": 16.0, "total_area_m2": 37482.543099852708, "mean_compactness": 0.58731215475298115, "density_km2": 16.0, "HLD_norm": 0.34042553190765057, "MAG_norm": 0.931856557112694, "CHAN_norm": 0.41169277860449738, "LS_LRSI": 53.210828880853292, "risk_class": "Very High" }, "geometry": { "type": "Polygon", "coordinates": [ [ [ 511838.400959495396819, 777698.593996203271672 ], [ 511838.400959495396819, 778698.593996203271672 ], [ 510838.400959495396819, 778698.593996203271672 ], [ 510838.400959495396819, 777698.593996203271672 ], [ 511838.400959495396819, 777698.593996203271672 ] ] ] } },
{ "type": "Feature", "properties": { "grid_id": "6_11", "n_landslides": 13.0, "total_area_m2": 30139.907583922868, "mean_compactness": 0.59891956814904779, "density_km2": 13.0, "HLD_norm": 0.27659574467496606, "MAG_norm": 0.91256594288948267, "CHAN_norm": 0.39674390605215981, "LS_LRSI": 49.14164364147598, "risk_class": "Very High" }, "geometry": { "type": "Polygon", "coordinates": [ [ [ 511838.400959495396819, 778698.593996203271672 ], [ 511838.400959495396819, 779698.593996203271672 ], [ 510838.400959495396819, 779698.593996203271672 ], [ 510838.400959495396819, 778698.593996203271672 ], [ 511838.400959495396819, 778698.593996203271672 ] ] ] } },
{ "type": "Feature", "properties": { "grid_id": "6_12", "n_landslides": 7.0, "total_area_m2": 31422.234211452869, "mean_compactness": 0.34787537752735725, "density_km2": 7.0, "HLD_norm": 0.14893617020959712, "MAG_norm": 0.91625245778427311, "CHAN_norm": 0.72005690288917357, "LS_LRSI": 49.335520301791526, "risk_class": "Very High" }, "geometry": { "type": "Polygon", "coordinates": [ [ [ 511838.400959495396819, 779698.593996203271672 ], [ 511838.400959495396819, 780698.593996203271672 ], [ 510838.400959495396819, 780698.593996203271672 ], [ 510838.400959495396819, 779698.593996203271672 ], [ 511838.400959495396819, 779698.593996203271672 ] ] ] } },
{ "type": "Feature", "properties": { "grid_id": "6_13", "n_landslides": 0.0, "total_area_m2": 0.0, "mean_compactness": 0.58495690026143277, "density_km2": 0.0, "HLD_norm": 0.0, "MAG_norm": 0.0, "CHAN_norm": 0.41472604691511072, "LS_LRSI": 8.2945209383022149, "risk_class": "Low" }, "geometry": { "type": "Polygon", "coordinates": [ [ [ 511838.400959495396819, 780698.593996203271672 ], [ 511838.400959495396819, 781698.593996203271672 ], [ 510838.400959495396819, 781698.593996203271672 ], [ 510838.400959495396819, 780698.593996203271672 ], [ 511838.400959495396819, 780698.593996203271672 ] ] ] } },
{ "type": "Feature", "properties": { "grid_id": "6_14", "n_landslides": 5.0, "total_area_m2": 11110.692812370631, "mean_compactness": 0.60449942526182288, "density_km2": 5.0, "HLD_norm": 0.10638297872114079, "MAG_norm": 0.82427157684249863, "CHAN_norm": 0.38955775957895888, "LS_LRSI": 37.838451432911178, "risk_class": "High" }, "geometry": { "type": "Polygon", "coordinates": [ [ [ 511838.400959495396819, 781698.593996203271672 ], [ 511838.400959495396819, 782698.593996203271672 ], [ 510838.400959495396819, 782698.593996203271672 ], [ 510838.400959495396819, 781698.593996203271672 ], [ 511838.400959495396819, 781698.593996203271672 ] ] ] } },
{ "type": "Feature", "properties": { "grid_id": "6_15", "n_landslides": 0.0, "total_area_m2": 0.0, "mean_compactness": 0.58495690026143277, "density_km2": 0.0, "HLD_norm": 0.0, "MAG_norm": 0.0, "CHAN_norm": 0.41472604691511072, "LS_LRSI": 8.2945209383022149, "risk_class": "Low" }, "geometry": { "type": "Polygon", "coordinates": [ [ [ 511838.400959495396819, 782698.593996203271672 ], [ 511838.400959495396819, 783698.593996203271672 ], [ 510838.400959495396819, 783698.593996203271672 ], [ 510838.400959495396819, 782698.593996203271672 ], [ 511838.400959495396819, 782698.593996203271672 ] ] ] } },
{ "type": "Feature", "properties": { "grid_id": "6_16", "n_landslides": 2.0, "total_area_m2": 7876.2709514259905, "mean_compactness": 0.30220018750213423, "density_km2": 2.0, "HLD_norm": 0.042553191488456321, "MAG_norm": 0.7938324949766703, "CHAN_norm": 0.77888073996576446, "LS_LRSI": 41.520249223038206, "risk_class": "High" }, "geometry": { "type": "Polygon", "coordinates": [ [ [ 511838.400959495396819, 783698.593996203271672 ], [ 511838.400959495396819, 784698.593996203271672 ], [ 510838.400959495396819, 784698.593996203271672 ], [ 510838.400959495396819, 783698.593996203271672 ], [ 511838.400959495396819, 783698.593996203271672 ] ] ] } },
{ "type": "Feature", "properties": { "grid_id": "6_17", "n_landslides": 0.0, "total_area_m2": 0.0, "mean_compactness": 0.58495690026143277, "density_km2": 0.0, "HLD_norm": 0.0, "MAG_norm": 0.0, "CHAN_norm": 0.41472604691511072, "LS_LRSI": 8.2945209383022149, "risk_class": "Low" }, "geometry": { "type": "Polygon", "coordinates": [ [ [ 511838.400959495396819, 784698.593996203271672 ], [ 511838.400959495396819, 785698.593996203271672 ], [ 510838.400959495396819, 785698.593996203271672 ], [ 510838.400959495396819, 784698.593996203271672 ], [ 511838.400959495396819, 784698.593996203271672 ] ] ] } },
{ "type": "Feature", "properties": { "grid_id": "7_0", "n_landslides": 0.0, "total_area_m2": 0.0, "mean_compactness": 0.58495690026143277, "density_km2": 0.0, "HLD_norm": 0.0, "MAG_norm": 0.0, "CHAN_norm": 0.41472604691511072, "LS_LRSI": 8.2945209383022149, "risk_class": "Low" }, "geometry": { "type": "Polygon", "coordinates": [ [ [ 512838.400959495396819, 767698.593996203271672 ], [ 512838.400959495396819, 768698.593996203271672 ], [ 511838.400959495396819, 768698.593996203271672 ], [ 511838.400959495396819, 767698.593996203271672 ], [ 512838.400959495396819, 767698.593996203271672 ] ] ] } },
{ "type": "Feature", "properties": { "grid_id": "7_1", "n_landslides": 0.0, "total_area_m2": 0.0, "mean_compactness": 0.58495690026143277, "density_km2": 0.0, "HLD_norm": 0.0, "MAG_norm": 0.0, "CHAN_norm": 0.41472604691511072, "LS_LRSI": 8.2945209383022149, "risk_class": "Low" }, "geometry": { "type": "Polygon", "coordinates": [ [ [ 512838.400959495396819, 768698.593996203271672 ], [ 512838.400959495396819, 769698.593996203271672 ], [ 511838.400959495396819, 769698.593996203271672 ], [ 511838.400959495396819, 768698.593996203271672 ], [ 512838.400959495396819, 768698.593996203271672 ] ] ] } },
{ "type": "Feature", "properties": { "grid_id": "7_2", "n_landslides": 2.0, "total_area_m2": 5765.5376125156354, "mean_compactness": 0.70296421104553275, "density_km2": 2.0, "HLD_norm": 0.042553191488456321, "MAG_norm": 0.76623426636218672, "CHAN_norm": 0.26274763544977986, "LS_LRSI": 30.369640274284016, "risk_class": "Medium" }, "geometry": { "type": "Polygon", "coordinates": [ [ [ 512838.400959495396819, 769698.593996203271672 ], [ 512838.400959495396819, 770698.593996203271672 ], [ 511838.400959495396819, 770698.593996203271672 ], [ 511838.400959495396819, 769698.593996203271672 ], [ 512838.400959495396819, 769698.593996203271672 ] ] ] } },
{ "type": "Feature", "properties": { "grid_id": "7_3", "n_landslides": 1.0, "total_area_m2": 14377.794289724334, "mean_compactness": 0.13050679376533544, "density_km2": 1.0, "HLD_norm": 0.021276595744228161, "MAG_norm": 0.84707825558301619, "CHAN_norm": 1.0, "LS_LRSI": 46.476177454701897, "risk_class": "Very High" }, "geometry": { "type": "Polygon", "coordinates": [ [ [ 512838.400959495396819, 770698.593996203271672 ], [ 512838.400959495396819, 771698.593996203271672 ], [ 511838.400959495396819, 771698.593996203271672 ], [ 511838.400959495396819, 770698.593996203271672 ], [ 512838.400959495396819, 770698.593996203271672 ] ] ] } },
{ "type": "Feature", "properties": { "grid_id": "7_4", "n_landslides": 0.0, "total_area_m2": 0.0, "mean_compactness": 0.58495690026143277, "density_km2": 0.0, "HLD_norm": 0.0, "MAG_norm": 0.0, "CHAN_norm": 0.41472604691511072, "LS_LRSI": 8.2945209383022149, "risk_class": "Low" }, "geometry": { "type": "Polygon", "coordinates": [ [ [ 512838.400959495396819, 771698.593996203271672 ], [ 512838.400959495396819, 772698.593996203271672 ], [ 511838.400959495396819, 772698.593996203271672 ], [ 511838.400959495396819, 771698.593996203271672 ], [ 512838.400959495396819, 771698.593996203271672 ] ] ] } },
{ "type": "Feature", "properties": { "grid_id": "7_5", "n_landslides": 1.0, "total_area_m2": 1158.8276228796096, "mean_compactness": 0.59196380748976518, "density_km2": 1.0, "HLD_norm": 0.021276595744228161, "MAG_norm": 0.62432763962275617, "CHAN_norm": 0.40570204134485255, "LS_LRSI": 27.907699802791143, "risk_class": "Medium" }, "geometry": { "type": "Polygon", "coordinates": [ [ [ 512838.400959495396819, 772698.593996203271672 ], [ 512838.400959495396819, 773698.593996203271672 ], [ 511838.400959495396819, 773698.593996203271672 ], [ 511838.400959495396819, 772698.593996203271672 ], [ 512838.400959495396819, 772698.593996203271672 ] ] ] } },
{ "type": "Feature", "properties": { "grid_id": "7_6", "n_landslides": 0.0, "total_area_m2": 0.0, "mean_compactness": 0.58495690026143277, "density_km2": 0.0, "HLD_norm": 0.0, "MAG_norm": 0.0, "CHAN_norm": 0.41472604691511072, "LS_LRSI": 8.2945209383022149, "risk_class": "Low" }, "geometry": { "type": "Polygon", "coordinates": [ [ [ 512838.400959495396819, 773698.593996203271672 ], [ 512838.400959495396819, 774698.593996203271672 ], [ 511838.400959495396819, 774698.593996203271672 ], [ 511838.400959495396819, 773698.593996203271672 ], [ 512838.400959495396819, 773698.593996203271672 ] ] ] } },
{ "type": "Feature", "properties": { "grid_id": "7_7", "n_landslides": 1.0, "total_area_m2": 4362.6262750749092, "mean_compactness": 0.7291222954575135, "density_km2": 1.0, "HLD_norm": 0.021276595744228161, "MAG_norm": 0.74156842683250113, "CHAN_norm": 0.22905934877081158, "LS_LRSI": 27.892069567602672, "risk_class": "Medium" }, "geometry": { "type": "Polygon", "coordinates": [ [ [ 512838.400959495396819, 774698.593996203271672 ], [ 512838.400959495396819, 775698.593996203271672 ], [ 511838.400959495396819, 775698.593996203271672 ], [ 511838.400959495396819, 774698.593996203271672 ], [ 512838.400959495396819, 774698.593996203271672 ] ] ] } },
{ "type": "Feature", "properties": { "grid_id": "7_8", "n_landslides": 1.0, "total_area_m2": 5152.1339326906927, "mean_compactness": 0.38990068986073106, "density_km2": 1.0, "HLD_norm": 0.021276595744228161, "MAG_norm": 0.75628304052229911, "CHAN_norm": 0.66593364419170409, "LS_LRSI": 37.070993886714461, "risk_class": "High" }, "geometry": { "type": "Polygon", "coordinates": [ [ [ 512838.400959495396819, 775698.593996203271672 ], [ 512838.400959495396819, 776698.593996203271672 ], [ 511838.400959495396819, 776698.593996203271672 ], [ 511838.400959495396819, 775698.593996203271672 ], [ 512838.400959495396819, 775698.593996203271672 ] ] ] } },
{ "type": "Feature", "properties": { "grid_id": "7_9", "n_landslides": 1.0, "total_area_m2": 6301.4660274136468, "mean_compactness": 0.29538982288044591, "density_km2": 1.0, "HLD_norm": 0.021276595744228161, "MAG_norm": 0.77409754030904787, "CHAN_norm": 0.78765162364938224, "LS_LRSI": 40.039788469470494, "risk_class": "High" }, "geometry": { "type": "Polygon", "coordinates": [ [ [ 512838.400959495396819, 776698.593996203271672 ], [ 512838.400959495396819, 777698.593996203271672 ], [ 511838.400959495396819, 777698.593996203271672 ], [ 511838.400959495396819, 776698.593996203271672 ], [ 512838.400959495396819, 776698.593996203271672 ] ] ] } },
{ "type": "Feature", "properties": { "grid_id": "7_10", "n_landslides": 5.0, "total_area_m2": 26249.414170872744, "mean_compactness": 0.52734039843496383, "density_km2": 5.0, "HLD_norm": 0.10638297872114079, "MAG_norm": 0.90033766710114327, "CHAN_norm": 0.48892877523417611, "LS_LRSI": 42.107854453774856, "risk_class": "High" }, "geometry": { "type": "Polygon", "coordinates": [ [ [ 512838.400959495396819, 777698.593996203271672 ], [ 512838.400959495396819, 778698.593996203271672 ], [ 511838.400959495396819, 778698.593996203271672 ], [ 511838.400959495396819, 777698.593996203271672 ], [ 512838.400959495396819, 777698.593996203271672 ] ] ] } },
{ "type": "Feature", "properties": { "grid_id": "7_11", "n_landslides": 0.0, "total_area_m2": 0.0, "mean_compactness": 0.58495690026143277, "density_km2": 0.0, "HLD_norm": 0.0, "MAG_norm": 0.0, "CHAN_norm": 0.41472604691511072, "LS_LRSI": 8.2945209383022149, "risk_class": "Low" }, "geometry": { "type": "Polygon", "coordinates": [ [ [ 512838.400959495396819, 778698.593996203271672 ], [ 512838.400959495396819, 779698.593996203271672 ], [ 511838.400959495396819, 779698.593996203271672 ], [ 511838.400959495396819, 778698.593996203271672 ], [ 512838.400959495396819, 778698.593996203271672 ] ] ] } },
{ "type": "Feature", "properties": { "grid_id": "7_12", "n_landslides": 0.0, "total_area_m2": 0.0, "mean_compactness": 0.58495690026143277, "density_km2": 0.0, "HLD_norm": 0.0, "MAG_norm": 0.0, "CHAN_norm": 0.41472604691511072, "LS_LRSI": 8.2945209383022149, "risk_class": "Low" }, "geometry": { "type": "Polygon", "coordinates": [ [ [ 512838.400959495396819, 779698.593996203271672 ], [ 512838.400959495396819, 780698.593996203271672 ], [ 511838.400959495396819, 780698.593996203271672 ], [ 511838.400959495396819, 779698.593996203271672 ], [ 512838.400959495396819, 779698.593996203271672 ] ] ] } },
{ "type": "Feature", "properties": { "grid_id": "7_13", "n_landslides": 0.0, "total_area_m2": 0.0, "mean_compactness": 0.58495690026143277, "density_km2": 0.0, "HLD_norm": 0.0, "MAG_norm": 0.0, "CHAN_norm": 0.41472604691511072, "LS_LRSI": 8.2945209383022149, "risk_class": "Low" }, "geometry": { "type": "Polygon", "coordinates": [ [ [ 512838.400959495396819, 780698.593996203271672 ], [ 512838.400959495396819, 781698.593996203271672 ], [ 511838.400959495396819, 781698.593996203271672 ], [ 511838.400959495396819, 780698.593996203271672 ], [ 512838.400959495396819, 780698.593996203271672 ] ] ] } },
{ "type": "Feature", "properties": { "grid_id": "7_14", "n_landslides": 3.0, "total_area_m2": 6946.4682002652171, "mean_compactness": 0.60970788329341918, "density_km2": 3.0, "HLD_norm": 0.063829787232684482, "MAG_norm": 0.78271884913483492, "CHAN_norm": 0.38284992789830918, "LS_LRSI": 34.330053393645457, "risk_class": "High" }, "geometry": { "type": "Polygon", "coordinates": [ [ [ 512838.400959495396819, 781698.593996203271672 ], [ 512838.400959495396819, 782698.593996203271672 ], [ 511838.400959495396819, 782698.593996203271672 ], [ 511838.400959495396819, 781698.593996203271672 ], [ 512838.400959495396819, 781698.593996203271672 ] ] ] } },
{ "type": "Feature", "properties": { "grid_id": "7_15", "n_landslides": 4.0, "total_area_m2": 16182.048135915531, "mean_compactness": 0.48020598502510436, "density_km2": 4.0, "HLD_norm": 0.085106382976912642, "MAG_norm": 0.8575376311930164, "CHAN_norm": 0.5496319064875137, "LS_LRSI": 40.974086214386404, "risk_class": "High" }, "geometry": { "type": "Polygon", "coordinates": [ [ [ 512838.400959495396819, 782698.593996203271672 ], [ 512838.400959495396819, 783698.593996203271672 ], [ 511838.400959495396819, 783698.593996203271672 ], [ 511838.400959495396819, 782698.593996203271672 ], [ 512838.400959495396819, 782698.593996203271672 ] ] ] } },
{ "type": "Feature", "properties": { "grid_id": "7_16", "n_landslides": 0.0, "total_area_m2": 0.0, "mean_compactness": 0.58495690026143277, "density_km2": 0.0, "HLD_norm": 0.0, "MAG_norm": 0.0, "CHAN_norm": 0.41472604691511072, "LS_LRSI": 8.2945209383022149, "risk_class": "Low" }, "geometry": { "type": "Polygon", "coordinates": [ [ [ 512838.400959495396819, 783698.593996203271672 ], [ 512838.400959495396819, 784698.593996203271672 ], [ 511838.400959495396819, 784698.593996203271672 ], [ 511838.400959495396819, 783698.593996203271672 ], [ 512838.400959495396819, 783698.593996203271672 ] ] ] } },
{ "type": "Feature", "properties": { "grid_id": "7_17", "n_landslides": 0.0, "total_area_m2": 0.0, "mean_compactness": 0.58495690026143277, "density_km2": 0.0, "HLD_norm": 0.0, "MAG_norm": 0.0, "CHAN_norm": 0.41472604691511072, "LS_LRSI": 8.2945209383022149, "risk_class": "Low" }, "geometry": { "type": "Polygon", "coordinates": [ [ [ 512838.400959495396819, 784698.593996203271672 ], [ 512838.400959495396819, 785698.593996203271672 ], [ 511838.400959495396819, 785698.593996203271672 ], [ 511838.400959495396819, 784698.593996203271672 ], [ 512838.400959495396819, 784698.593996203271672 ] ] ] } },
{ "type": "Feature", "properties": { "grid_id": "8_0", "n_landslides": 0.0, "total_area_m2": 0.0, "mean_compactness": 0.58495690026143277, "density_km2": 0.0, "HLD_norm": 0.0, "MAG_norm": 0.0, "CHAN_norm": 0.41472604691511072, "LS_LRSI": 8.2945209383022149, "risk_class": "Low" }, "geometry": { "type": "Polygon", "coordinates": [ [ [ 513838.400959495396819, 767698.593996203271672 ], [ 513838.400959495396819, 768698.593996203271672 ], [ 512838.400959495396819, 768698.593996203271672 ], [ 512838.400959495396819, 767698.593996203271672 ], [ 513838.400959495396819, 767698.593996203271672 ] ] ] } },
{ "type": "Feature", "properties": { "grid_id": "8_1", "n_landslides": 0.0, "total_area_m2": 0.0, "mean_compactness": 0.58495690026143277, "density_km2": 0.0, "HLD_norm": 0.0, "MAG_norm": 0.0, "CHAN_norm": 0.41472604691511072, "LS_LRSI": 8.2945209383022149, "risk_class": "Low" }, "geometry": { "type": "Polygon", "coordinates": [ [ [ 513838.400959495396819, 768698.593996203271672 ], [ 513838.400959495396819, 769698.593996203271672 ], [ 512838.400959495396819, 769698.593996203271672 ], [ 512838.400959495396819, 768698.593996203271672 ], [ 513838.400959495396819, 768698.593996203271672 ] ] ] } },
{ "type": "Feature", "properties": { "grid_id": "8_2", "n_landslides": 0.0, "total_area_m2": 0.0, "mean_compactness": 0.58495690026143277, "density_km2": 0.0, "HLD_norm": 0.0, "MAG_norm": 0.0, "CHAN_norm": 0.41472604691511072, "LS_LRSI": 8.2945209383022149, "risk_class": "Low" }, "geometry": { "type": "Polygon", "coordinates": [ [ [ 513838.400959495396819, 769698.593996203271672 ], [ 513838.400959495396819, 770698.593996203271672 ], [ 512838.400959495396819, 770698.593996203271672 ], [ 512838.400959495396819, 769698.593996203271672 ], [ 513838.400959495396819, 769698.593996203271672 ] ] ] } },
{ "type": "Feature", "properties": { "grid_id": "8_3", "n_landslides": 0.0, "total_area_m2": 0.0, "mean_compactness": 0.58495690026143277, "density_km2": 0.0, "HLD_norm": 0.0, "MAG_norm": 0.0, "CHAN_norm": 0.41472604691511072, "LS_LRSI": 8.2945209383022149, "risk_class": "Low" }, "geometry": { "type": "Polygon", "coordinates": [ [ [ 513838.400959495396819, 770698.593996203271672 ], [ 513838.400959495396819, 771698.593996203271672 ], [ 512838.400959495396819, 771698.593996203271672 ], [ 512838.400959495396819, 770698.593996203271672 ], [ 513838.400959495396819, 770698.593996203271672 ] ] ] } },
{ "type": "Feature", "properties": { "grid_id": "8_4", "n_landslides": 0.0, "total_area_m2": 0.0, "mean_compactness": 0.58495690026143277, "density_km2": 0.0, "HLD_norm": 0.0, "MAG_norm": 0.0, "CHAN_norm": 0.41472604691511072, "LS_LRSI": 8.2945209383022149, "risk_class": "Low" }, "geometry": { "type": "Polygon", "coordinates": [ [ [ 513838.400959495396819, 771698.593996203271672 ], [ 513838.400959495396819, 772698.593996203271672 ], [ 512838.400959495396819, 772698.593996203271672 ], [ 512838.400959495396819, 771698.593996203271672 ], [ 513838.400959495396819, 771698.593996203271672 ] ] ] } },
{ "type": "Feature", "properties": { "grid_id": "8_5", "n_landslides": 4.0, "total_area_m2": 6932.9339773141046, "mean_compactness": 0.6388498248659612, "density_km2": 4.0, "HLD_norm": 0.085106382976912642, "MAG_norm": 0.78254631204404856, "CHAN_norm": 0.34531881259890729, "LS_LRSI": 34.638084762145233, "risk_class": "High" }, "geometry": { "type": "Polygon", "coordinates": [ [ [ 513838.400959495396819, 772698.593996203271672 ], [ 513838.400959495396819, 773698.593996203271672 ], [ 512838.400959495396819, 773698.593996203271672 ], [ 512838.400959495396819, 772698.593996203271672 ], [ 513838.400959495396819, 772698.593996203271672 ] ] ] } },
{ "type": "Feature", "properties": { "grid_id": "8_6", "n_landslides": 4.0, "total_area_m2": 9513.5395593365265, "mean_compactness": 0.45247788544897771, "density_km2": 4.0, "HLD_norm": 0.085106382976912642, "MAG_norm": 0.81054130028017335, "CHAN_norm": 0.58534217306787917, "LS_LRSI": 40.27840161860842, "risk_class": "High" }, "geometry": { "type": "Polygon", "coordinates": [ [ [ 513838.400959495396819, 773698.593996203271672 ], [ 513838.400959495396819, 774698.593996203271672 ], [ 512838.400959495396819, 774698.593996203271672 ], [ 512838.400959495396819, 773698.593996203271672 ], [ 513838.400959495396819, 773698.593996203271672 ] ] ] } },
{ "type": "Feature", "properties": { "grid_id": "8_7", "n_landslides": 1.0, "total_area_m2": 2447.5494535869111, "mean_compactness": 0.59621424254203381, "density_km2": 1.0, "HLD_norm": 0.021276595744228161, "MAG_norm": 0.69044315552443047, "CHAN_norm": 0.40022802144737191, "LS_LRSI": 29.781684881891763, "risk_class": "Medium" }, "geometry": { "type": "Polygon", "coordinates": [ [ [ 513838.400959495396819, 774698.593996203271672 ], [ 513838.400959495396819, 775698.593996203271672 ], [ 512838.400959495396819, 775698.593996203271672 ], [ 512838.400959495396819, 774698.593996203271672 ], [ 513838.400959495396819, 774698.593996203271672 ] ] ] } },
{ "type": "Feature", "properties": { "grid_id": "8_8", "n_landslides": 2.0, "total_area_m2": 2899.6993318654941, "mean_compactness": 0.60481856820863555, "density_km2": 2.0, "HLD_norm": 0.042553191488456321, "MAG_norm": 0.70543687812268785, "CHAN_norm": 0.38914674404301719, "LS_LRSI": 31.073700798963795, "risk_class": "Medium" }, "geometry": { "type": "Polygon", "coordinates": [ [ [ 513838.400959495396819, 775698.593996203271672 ], [ 513838.400959495396819, 776698.593996203271672 ], [ 512838.400959495396819, 776698.593996203271672 ], [ 512838.400959495396819, 775698.593996203271672 ], [ 513838.400959495396819, 775698.593996203271672 ] ] ] } },
{ "type": "Feature", "properties": { "grid_id": "8_9", "n_landslides": 4.0, "total_area_m2": 7631.9994621197675, "mean_compactness": 0.53080629400917023, "density_km2": 4.0, "HLD_norm": 0.085106382976912642, "MAG_norm": 0.79104527231307786, "CHAN_norm": 0.48446514242894834, "LS_LRSI": 37.675980166816935, "risk_class": "High" }, "geometry": { "type": "Polygon", "coordinates": [ [ [ 513838.400959495396819, 776698.593996203271672 ], [ 513838.400959495396819, 777698.593996203271672 ], [ 512838.400959495396819, 777698.593996203271672 ], [ 512838.400959495396819, 776698.593996203271672 ], [ 513838.400959495396819, 776698.593996203271672 ] ] ] } },
{ "type": "Feature", "properties": { "grid_id": "8_10", "n_landslides": 5.0, "total_area_m2": 38570.390450036619, "mean_compactness": 0.51910137795737388, "density_km2": 5.0, "HLD_norm": 0.10638297872114079, "MAG_norm": 0.93438790905476521, "CHAN_norm": 0.49953958600424209, "LS_LRSI": 43.341577927784833, "risk_class": "Very High" }, "geometry": { "type": "Polygon", "coordinates": [ [ [ 513838.400959495396819, 777698.593996203271672 ], [ 513838.400959495396819, 778698.593996203271672 ], [ 512838.400959495396819, 778698.593996203271672 ], [ 512838.400959495396819, 777698.593996203271672 ], [ 513838.400959495396819, 777698.593996203271672 ] ] ] } },
{ "type": "Feature", "properties": { "grid_id": "8_11", "n_landslides": 3.0, "total_area_m2": 1232.9630585400685, "mean_compactness": 0.80634904530178597, "density_km2": 3.0, "HLD_norm": 0.063829787232684482, "MAG_norm": 0.62980991595941049, "CHAN_norm": 0.12960111448025946, "LS_LRSI": 24.677809130021728, "risk_class": "Medium" }, "geometry": { "type": "Polygon", "coordinates": [ [ [ 513838.400959495396819, 778698.593996203271672 ], [ 513838.400959495396819, 779698.593996203271672 ], [ 512838.400959495396819, 779698.593996203271672 ], [ 512838.400959495396819, 778698.593996203271672 ], [ 513838.400959495396819, 778698.593996203271672 ] ] ] } },
{ "type": "Feature", "properties": { "grid_id": "8_12", "n_landslides": 0.0, "total_area_m2": 0.0, "mean_compactness": 0.58495690026143277, "density_km2": 0.0, "HLD_norm": 0.0, "MAG_norm": 0.0, "CHAN_norm": 0.41472604691511072, "LS_LRSI": 8.2945209383022149, "risk_class": "Low" }, "geometry": { "type": "Polygon", "coordinates": [ [ [ 513838.400959495396819, 779698.593996203271672 ], [ 513838.400959495396819, 780698.593996203271672 ], [ 512838.400959495396819, 780698.593996203271672 ], [ 512838.400959495396819, 779698.593996203271672 ], [ 513838.400959495396819, 779698.593996203271672 ] ] ] } },
{ "type": "Feature", "properties": { "grid_id": "8_13", "n_landslides": 0.0, "total_area_m2": 0.0, "mean_compactness": 0.58495690026143277, "density_km2": 0.0, "HLD_norm": 0.0, "MAG_norm": 0.0, "CHAN_norm": 0.41472604691511072, "LS_LRSI": 8.2945209383022149, "risk_class": "Low" }, "geometry": { "type": "Polygon", "coordinates": [ [ [ 513838.400959495396819, 780698.593996203271672 ], [ 513838.400959495396819, 781698.593996203271672 ], [ 512838.400959495396819, 781698.593996203271672 ], [ 512838.400959495396819, 780698.593996203271672 ], [ 513838.400959495396819, 780698.593996203271672 ] ] ] } },
{ "type": "Feature", "properties": { "grid_id": "8_14", "n_landslides": 0.0, "total_area_m2": 0.0, "mean_compactness": 0.58495690026143277, "density_km2": 0.0, "HLD_norm": 0.0, "MAG_norm": 0.0, "CHAN_norm": 0.41472604691511072, "LS_LRSI": 8.2945209383022149, "risk_class": "Low" }, "geometry": { "type": "Polygon", "coordinates": [ [ [ 513838.400959495396819, 781698.593996203271672 ], [ 513838.400959495396819, 782698.593996203271672 ], [ 512838.400959495396819, 782698.593996203271672 ], [ 512838.400959495396819, 781698.593996203271672 ], [ 513838.400959495396819, 781698.593996203271672 ] ] ] } },
{ "type": "Feature", "properties": { "grid_id": "8_15", "n_landslides": 4.0, "total_area_m2": 6613.8437123794956, "mean_compactness": 0.5880233607167793, "density_km2": 4.0, "HLD_norm": 0.085106382976912642, "MAG_norm": 0.77837784765023532, "CHAN_norm": 0.41077683575413904, "LS_LRSI": 35.822191293435473, "risk_class": "High" }, "geometry": { "type": "Polygon", "coordinates": [ [ [ 513838.400959495396819, 782698.593996203271672 ], [ 513838.400959495396819, 783698.593996203271672 ], [ 512838.400959495396819, 783698.593996203271672 ], [ 512838.400959495396819, 782698.593996203271672 ], [ 513838.400959495396819, 782698.593996203271672 ] ] ] } },
{ "type": "Feature", "properties": { "grid_id": "8_16", "n_landslides": 0.0, "total_area_m2": 0.0, "mean_compactness": 0.58495690026143277, "density_km2": 0.0, "HLD_norm": 0.0, "MAG_norm": 0.0, "CHAN_norm": 0.41472604691511072, "LS_LRSI": 8.2945209383022149, "risk_class": "Low" }, "geometry": { "type": "Polygon", "coordinates": [ [ [ 513838.400959495396819, 783698.593996203271672 ], [ 513838.400959495396819, 784698.593996203271672 ], [ 512838.400959495396819, 784698.593996203271672 ], [ 512838.400959495396819, 783698.593996203271672 ], [ 513838.400959495396819, 783698.593996203271672 ] ] ] } },
{ "type": "Feature", "properties": { "grid_id": "8_17", "n_landslides": 0.0, "total_area_m2": 0.0, "mean_compactness": 0.58495690026143277, "density_km2": 0.0, "HLD_norm": 0.0, "MAG_norm": 0.0, "CHAN_norm": 0.41472604691511072, "LS_LRSI": 8.2945209383022149, "risk_class": "Low" }, "geometry": { "type": "Polygon", "coordinates": [ [ [ 513838.400959495396819, 784698.593996203271672 ], [ 513838.400959495396819, 785698.593996203271672 ], [ 512838.400959495396819, 785698.593996203271672 ], [ 512838.400959495396819, 784698.593996203271672 ], [ 513838.400959495396819, 784698.593996203271672 ] ] ] } },
{ "type": "Feature", "properties": { "grid_id": "9_0", "n_landslides": 0.0, "total_area_m2": 0.0, "mean_compactness": 0.58495690026143277, "density_km2": 0.0, "HLD_norm": 0.0, "MAG_norm": 0.0, "CHAN_norm": 0.41472604691511072, "LS_LRSI": 8.2945209383022149, "risk_class": "Low" }, "geometry": { "type": "Polygon", "coordinates": [ [ [ 514838.400959495396819, 767698.593996203271672 ], [ 514838.400959495396819, 768698.593996203271672 ], [ 513838.400959495396819, 768698.593996203271672 ], [ 513838.400959495396819, 767698.593996203271672 ], [ 514838.400959495396819, 767698.593996203271672 ] ] ] } },
{ "type": "Feature", "properties": { "grid_id": "9_1", "n_landslides": 2.0, "total_area_m2": 11703.78254570132, "mean_compactness": 0.35603056970765434, "density_km2": 2.0, "HLD_norm": 0.042553191488456321, "MAG_norm": 0.82887257477115261, "CHAN_norm": 0.70955405230711421, "LS_LRSI": 41.184917863699674, "risk_class": "High" }, "geometry": { "type": "Polygon", "coordinates": [ [ [ 514838.400959495396819, 768698.593996203271672 ], [ 514838.400959495396819, 769698.593996203271672 ], [ 513838.400959495396819, 769698.593996203271672 ], [ 513838.400959495396819, 768698.593996203271672 ], [ 514838.400959495396819, 768698.593996203271672 ] ] ] } },
{ "type": "Feature", "properties": { "grid_id": "9_2", "n_landslides": 1.0, "total_area_m2": 1471.0301355860943, "mean_compactness": 0.84914890532344633, "density_km2": 1.0, "HLD_norm": 0.021276595744228161, "MAG_norm": 0.64541906583768205, "CHAN_norm": 0.074480336845295536, "LS_LRSI": 21.916008499247777, "risk_class": "Medium" }, "geometry": { "type": "Polygon", "coordinates": [ [ [ 514838.400959495396819, 769698.593996203271672 ], [ 514838.400959495396819, 770698.593996203271672 ], [ 513838.400959495396819, 770698.593996203271672 ], [ 513838.400959495396819, 769698.593996203271672 ], [ 514838.400959495396819, 769698.593996203271672 ] ] ] } },
{ "type": "Feature", "properties": { "grid_id": "9_3", "n_landslides": 0.0, "total_area_m2": 0.0, "mean_compactness": 0.58495690026143277, "density_km2": 0.0, "HLD_norm": 0.0, "MAG_norm": 0.0, "CHAN_norm": 0.41472604691511072, "LS_LRSI": 8.2945209383022149, "risk_class": "Low" }, "geometry": { "type": "Polygon", "coordinates": [ [ [ 514838.400959495396819, 770698.593996203271672 ], [ 514838.400959495396819, 771698.593996203271672 ], [ 513838.400959495396819, 771698.593996203271672 ], [ 513838.400959495396819, 770698.593996203271672 ], [ 514838.400959495396819, 770698.593996203271672 ] ] ] } },
{ "type": "Feature", "properties": { "grid_id": "9_4", "n_landslides": 1.0, "total_area_m2": 9392.3711872932508, "mean_compactness": 0.5918327049092531, "density_km2": 1.0, "HLD_norm": 0.021276595744228161, "MAG_norm": 0.80940724553941779, "CHAN_norm": 0.40587088479864231, "LS_LRSI": 33.463464849366787, "risk_class": "High" }, "geometry": { "type": "Polygon", "coordinates": [ [ [ 514838.400959495396819, 771698.593996203271672 ], [ 514838.400959495396819, 772698.593996203271672 ], [ 513838.400959495396819, 772698.593996203271672 ], [ 513838.400959495396819, 771698.593996203271672 ], [ 514838.400959495396819, 771698.593996203271672 ] ] ] } },
{ "type": "Feature", "properties": { "grid_id": "9_5", "n_landslides": 7.0, "total_area_m2": 55861.879200406569, "mean_compactness": 0.60135332065022351, "density_km2": 7.0, "HLD_norm": 0.14893617020959712, "MAG_norm": 0.96716049851987551, "CHAN_norm": 0.39360954228629808, "LS_LRSI": 44.333814311802087, "risk_class": "Very High" }, "geometry": { "type": "Polygon", "coordinates": [ [ [ 514838.400959495396819, 772698.593996203271672 ], [ 514838.400959495396819, 773698.593996203271672 ], [ 513838.400959495396819, 773698.593996203271672 ], [ 513838.400959495396819, 772698.593996203271672 ], [ 514838.400959495396819, 772698.593996203271672 ] ] ] } },
{ "type": "Feature", "properties": { "grid_id": "9_6", "n_landslides": 20.0, "total_area_m2": 50581.989829920247, "mean_compactness": 0.62997228189718801, "density_km2": 20.0, "HLD_norm": 0.42553191488456316, "MAG_norm": 0.95837563733589326, "CHAN_norm": 0.35675195914842728, "LS_LRSI": 57.1629040472735, "risk_class": "Very High" }, "geometry": { "type": "Polygon", "coordinates": [ [ [ 514838.400959495396819, 773698.593996203271672 ], [ 514838.400959495396819, 774698.593996203271672 ], [ 513838.400959495396819, 774698.593996203271672 ], [ 513838.400959495396819, 773698.593996203271672 ], [ 514838.400959495396819, 773698.593996203271672 ] ] ] } },
{ "type": "Feature", "properties": { "grid_id": "9_7", "n_landslides": 1.0, "total_area_m2": 1163.4225423415253, "mean_compactness": 0.70076509574582124, "density_km2": 1.0, "HLD_norm": 0.021276595744228161, "MAG_norm": 0.62467748645254917, "CHAN_norm": 0.26557981633466365, "LS_LRSI": 25.115750707481155, "risk_class": "Medium" }, "geometry": { "type": "Polygon", "coordinates": [ [ [ 514838.400959495396819, 774698.593996203271672 ], [ 514838.400959495396819, 775698.593996203271672 ], [ 513838.400959495396819, 775698.593996203271672 ], [ 513838.400959495396819, 774698.593996203271672 ], [ 514838.400959495396819, 774698.593996203271672 ] ] ] } },
{ "type": "Feature", "properties": { "grid_id": "9_8", "n_landslides": 6.0, "total_area_m2": 8464.7945185531771, "mean_compactness": 0.56971631048144888, "density_km2": 6.0, "HLD_norm": 0.12765957446536896, "MAG_norm": 0.80020779332238268, "CHAN_norm": 0.43435398868555219, "LS_LRSI": 39.076292296650969, "risk_class": "High" }, "geometry": { "type": "Polygon", "coordinates": [ [ [ 514838.400959495396819, 775698.593996203271672 ], [ 514838.400959495396819, 776698.593996203271672 ], [ 513838.400959495396819, 776698.593996203271672 ], [ 513838.400959495396819, 775698.593996203271672 ], [ 514838.400959495396819, 775698.593996203271672 ] ] ] } },
{ "type": "Feature", "properties": { "grid_id": "9_9", "n_landslides": 7.0, "total_area_m2": 16906.88614212428, "mean_compactness": 0.51366179167907822, "density_km2": 7.0, "HLD_norm": 0.14893617020959712, "MAG_norm": 0.86141452357022286, "CHAN_norm": 0.50654508147830191, "LS_LRSI": 43.420145847152583, "risk_class": "Very High" }, "geometry": { "type": "Polygon", "coordinates": [ [ [ 514838.400959495396819, 776698.593996203271672 ], [ 514838.400959495396819, 777698.593996203271672 ], [ 513838.400959495396819, 777698.593996203271672 ], [ 513838.400959495396819, 776698.593996203271672 ], [ 514838.400959495396819, 776698.593996203271672 ] ] ] } },
{ "type": "Feature", "properties": { "grid_id": "9_10", "n_landslides": 3.0, "total_area_m2": 8203.8709949444365, "mean_compactness": 0.56299892311220734, "density_km2": 3.0, "HLD_norm": 0.063829787232684482, "MAG_norm": 0.79743780391462959, "CHAN_norm": 0.44300512949022985, "LS_LRSI": 35.974726068877708, "risk_class": "High" }, "geometry": { "type": "Polygon", "coordinates": [ [ [ 514838.400959495396819, 777698.593996203271672 ], [ 514838.400959495396819, 778698.593996203271672 ], [ 513838.400959495396819, 778698.593996203271672 ], [ 513838.400959495396819, 777698.593996203271672 ], [ 514838.400959495396819, 777698.593996203271672 ] ] ] } },
{ "type": "Feature", "properties": { "grid_id": "9_11", "n_landslides": 8.0, "total_area_m2": 2768.4737062832755, "mean_compactness": 0.80543056899986576, "density_km2": 8.0, "HLD_norm": 0.17021276595382528, "MAG_norm": 0.70134066789198457, "CHAN_norm": 0.13078399517135297, "LS_LRSI": 32.166538237877859, "risk_class": "Medium" }, "geometry": { "type": "Polygon", "coordinates": [ [ [ 514838.400959495396819, 778698.593996203271672 ], [ 514838.400959495396819, 779698.593996203271672 ], [ 513838.400959495396819, 779698.593996203271672 ], [ 513838.400959495396819, 778698.593996203271672 ], [ 514838.400959495396819, 778698.593996203271672 ] ] ] } },
{ "type": "Feature", "properties": { "grid_id": "9_12", "n_landslides": 7.0, "total_area_m2": 6937.9052928261062, "mean_compactness": 0.57781265935553494, "density_km2": 7.0, "HLD_norm": 0.14893617020959712, "MAG_norm": 0.78260972650937088, "CHAN_norm": 0.42392692079986904, "LS_LRSI": 39.403638721758369, "risk_class": "High" }, "geometry": { "type": "Polygon", "coordinates": [ [ [ 514838.400959495396819, 779698.593996203271672 ], [ 514838.400959495396819, 780698.593996203271672 ], [ 513838.400959495396819, 780698.593996203271672 ], [ 513838.400959495396819, 779698.593996203271672 ], [ 514838.400959495396819, 779698.593996203271672 ] ] ] } },
{ "type": "Feature", "properties": { "grid_id": "9_13", "n_landslides": 15.0, "total_area_m2": 12096.698195427891, "mean_compactness": 0.67853138850778749, "density_km2": 15.0, "HLD_norm": 0.31914893616342238, "MAG_norm": 0.83179402774822209, "CHAN_norm": 0.2942140042046314, "LS_LRSI": 46.79554772471041, "risk_class": "Very High" }, "geometry": { "type": "Polygon", "coordinates": [ [ [ 514838.400959495396819, 780698.593996203271672 ], [ 514838.400959495396819, 781698.593996203271672 ], [ 513838.400959495396819, 781698.593996203271672 ], [ 513838.400959495396819, 780698.593996203271672 ], [ 514838.400959495396819, 780698.593996203271672 ] ] ] } },
{ "type": "Feature", "properties": { "grid_id": "9_14", "n_landslides": 1.0, "total_area_m2": 765.59303861438843, "mean_compactness": 0.47491740503478119, "density_km2": 1.0, "HLD_norm": 0.021276595744228161, "MAG_norm": 0.58769006264395762, "CHAN_norm": 0.55644292506336401, "LS_LRSI": 29.823390167797413, "risk_class": "Medium" }, "geometry": { "type": "Polygon", "coordinates": [ [ [ 514838.400959495396819, 781698.593996203271672 ], [ 514838.400959495396819, 782698.593996203271672 ], [ 513838.400959495396819, 782698.593996203271672 ], [ 513838.400959495396819, 781698.593996203271672 ], [ 514838.400959495396819, 781698.593996203271672 ] ] ] } },
{ "type": "Feature", "properties": { "grid_id": "9_15", "n_landslides": 1.0, "total_area_m2": 3135.9285922158883, "mean_compactness": 0.39837168185075256, "density_km2": 1.0, "HLD_norm": 0.021276595744228161, "MAG_norm": 0.71236429701836435, "CHAN_norm": 0.6550240836091874, "LS_LRSI": 35.535240369946088, "risk_class": "High" }, "geometry": { "type": "Polygon", "coordinates": [ [ [ 514838.400959495396819, 782698.593996203271672 ], [ 514838.400959495396819, 783698.593996203271672 ], [ 513838.400959495396819, 783698.593996203271672 ], [ 513838.400959495396819, 782698.593996203271672 ], [ 514838.400959495396819, 782698.593996203271672 ] ] ] } },
{ "type": "Feature", "properties": { "grid_id": "9_16", "n_landslides": 1.0, "total_area_m2": 959.45736745387774, "mean_compactness": 0.61684352164260237, "density_km2": 1.0, "HLD_norm": 0.021276595744228161, "MAG_norm": 0.60763852268314356, "CHAN_norm": 0.37366013301277001, "LS_LRSI": 26.766188127961115, "risk_class": "Medium" }, "geometry": { "type": "Polygon", "coordinates": [ [ [ 514838.400959495396819, 783698.593996203271672 ], [ 514838.400959495396819, 784698.593996203271672 ], [ 513838.400959495396819, 784698.593996203271672 ], [ 513838.400959495396819, 783698.593996203271672 ], [ 514838.400959495396819, 783698.593996203271672 ] ] ] } },
{ "type": "Feature", "properties": { "grid_id": "9_17", "n_landslides": 1.0, "total_area_m2": 2513.7287384629776, "mean_compactness": 0.72140529506994744, "density_km2": 1.0, "HLD_norm": 0.021276595744228161, "MAG_norm": 0.6928028812945628, "CHAN_norm": 0.23899786404064394, "LS_LRSI": 26.627873506861171, "risk_class": "Medium" }, "geometry": { "type": "Polygon", "coordinates": [ [ [ 514838.400959495396819, 784698.593996203271672 ], [ 514838.400959495396819, 785698.593996203271672 ], [ 513838.400959495396819, 785698.593996203271672 ], [ 513838.400959495396819, 784698.593996203271672 ], [ 514838.400959495396819, 784698.593996203271672 ] ] ] } },
{ "type": "Feature", "properties": { "grid_id": "10_0", "n_landslides": 0.0, "total_area_m2": 0.0, "mean_compactness": 0.58495690026143277, "density_km2": 0.0, "HLD_norm": 0.0, "MAG_norm": 0.0, "CHAN_norm": 0.41472604691511072, "LS_LRSI": 8.2945209383022149, "risk_class": "Low" }, "geometry": { "type": "Polygon", "coordinates": [ [ [ 515838.400959495396819, 767698.593996203271672 ], [ 515838.400959495396819, 768698.593996203271672 ], [ 514838.400959495396819, 768698.593996203271672 ], [ 514838.400959495396819, 767698.593996203271672 ], [ 515838.400959495396819, 767698.593996203271672 ] ] ] } },
{ "type": "Feature", "properties": { "grid_id": "10_1", "n_landslides": 0.0, "total_area_m2": 0.0, "mean_compactness": 0.58495690026143277, "density_km2": 0.0, "HLD_norm": 0.0, "MAG_norm": 0.0, "CHAN_norm": 0.41472604691511072, "LS_LRSI": 8.2945209383022149, "risk_class": "Low" }, "geometry": { "type": "Polygon", "coordinates": [ [ [ 515838.400959495396819, 768698.593996203271672 ], [ 515838.400959495396819, 769698.593996203271672 ], [ 514838.400959495396819, 769698.593996203271672 ], [ 514838.400959495396819, 768698.593996203271672 ], [ 515838.400959495396819, 768698.593996203271672 ] ] ] } },
{ "type": "Feature", "properties": { "grid_id": "10_2", "n_landslides": 2.0, "total_area_m2": 19467.828562635768, "mean_compactness": 0.56426020302820268, "density_km2": 2.0, "HLD_norm": 0.042553191488456321, "MAG_norm": 0.87389346422543768, "CHAN_norm": 0.44138076133225368, "LS_LRSI": 37.172078727831021, "risk_class": "High" }, "geometry": { "type": "Polygon", "coordinates": [ [ [ 515838.400959495396819, 769698.593996203271672 ], [ 515838.400959495396819, 770698.593996203271672 ], [ 514838.400959495396819, 770698.593996203271672 ], [ 514838.400959495396819, 769698.593996203271672 ], [ 515838.400959495396819, 769698.593996203271672 ] ] ] } },
{ "type": "Feature", "properties": { "grid_id": "10_3", "n_landslides": 1.0, "total_area_m2": 7283.6429359042795, "mean_compactness": 0.34543893112829344, "density_km2": 1.0, "HLD_norm": 0.021276595744228161, "MAG_norm": 0.78691208522484968, "CHAN_norm": 0.72319473605298157, "LS_LRSI": 39.135087065016528, "risk_class": "High" }, "geometry": { "type": "Polygon", "coordinates": [ [ [ 515838.400959495396819, 770698.593996203271672 ], [ 515838.400959495396819, 771698.593996203271672 ], [ 514838.400959495396819, 771698.593996203271672 ], [ 514838.400959495396819, 770698.593996203271672 ], [ 515838.400959495396819, 770698.593996203271672 ] ] ] } },
{ "type": "Feature", "properties": { "grid_id": "10_4", "n_landslides": 0.0, "total_area_m2": 0.0, "mean_compactness": 0.58495690026143277, "density_km2": 0.0, "HLD_norm": 0.0, "MAG_norm": 0.0, "CHAN_norm": 0.41472604691511072, "LS_LRSI": 8.2945209383022149, "risk_class": "Low" }, "geometry": { "type": "Polygon", "coordinates": [ [ [ 515838.400959495396819, 771698.593996203271672 ], [ 515838.400959495396819, 772698.593996203271672 ], [ 514838.400959495396819, 772698.593996203271672 ], [ 514838.400959495396819, 771698.593996203271672 ], [ 515838.400959495396819, 771698.593996203271672 ] ] ] } },
{ "type": "Feature", "properties": { "grid_id": "10_5", "n_landslides": 7.0, "total_area_m2": 8656.7394526934859, "mean_compactness": 0.66159301530923409, "density_km2": 7.0, "HLD_norm": 0.14893617020959712, "MAG_norm": 0.80219152893352119, "CHAN_norm": 0.31602847514222299, "LS_LRSI": 37.833123881329946, "risk_class": "High" }, "geometry": { "type": "Polygon", "coordinates": [ [ [ 515838.400959495396819, 772698.593996203271672 ], [ 515838.400959495396819, 773698.593996203271672 ], [ 514838.400959495396819, 773698.593996203271672 ], [ 514838.400959495396819, 772698.593996203271672 ], [ 515838.400959495396819, 772698.593996203271672 ] ] ] } },
{ "type": "Feature", "properties": { "grid_id": "10_6", "n_landslides": 2.0, "total_area_m2": 4712.5774540704606, "mean_compactness": 0.73930000841065757, "density_km2": 2.0, "HLD_norm": 0.042553191488456321, "MAG_norm": 0.7483942184675284, "CHAN_norm": 0.21595174860018418, "LS_LRSI": 28.898521100452353, "risk_class": "Medium" }, "geometry": { "type": "Polygon", "coordinates": [ [ [ 515838.400959495396819, 773698.593996203271672 ], [ 515838.400959495396819, 774698.593996203271672 ], [ 514838.400959495396819, 774698.593996203271672 ], [ 514838.400959495396819, 773698.593996203271672 ], [ 515838.400959495396819, 773698.593996203271672 ] ] ] } },
{ "type": "Feature", "properties": { "grid_id": "10_7", "n_landslides": 0.0, "total_area_m2": 0.0, "mean_compactness": 0.58495690026143277, "density_km2": 0.0, "HLD_norm": 0.0, "MAG_norm": 0.0, "CHAN_norm": 0.41472604691511072, "LS_LRSI": 8.2945209383022149, "risk_class": "Low" }, "geometry": { "type": "Polygon", "coordinates": [ [ [ 515838.400959495396819, 774698.593996203271672 ], [ 515838.400959495396819, 775698.593996203271672 ], [ 514838.400959495396819, 775698.593996203271672 ], [ 514838.400959495396819, 774698.593996203271672 ], [ 515838.400959495396819, 774698.593996203271672 ] ] ] } },
{ "type": "Feature", "properties": { "grid_id": "10_8", "n_landslides": 8.0, "total_area_m2": 17465.310396116554, "mean_compactness": 0.57417831653834772, "density_km2": 8.0, "HLD_norm": 0.17021276595382528, "MAG_norm": 0.86428961904269763, "CHAN_norm": 0.42860749223571071, "LS_LRSI": 43.011476713686406, "risk_class": "Very High" }, "geometry": { "type": "Polygon", "coordinates": [ [ [ 515838.400959495396819, 775698.593996203271672 ], [ 515838.400959495396819, 776698.593996203271672 ], [ 514838.400959495396819, 776698.593996203271672 ], [ 514838.400959495396819, 775698.593996203271672 ], [ 515838.400959495396819, 775698.593996203271672 ] ] ] } },
{ "type": "Feature", "properties": { "grid_id": "10_9", "n_landslides": 6.0, "total_area_m2": 10509.552753029478, "mean_compactness": 0.53844123241236519, "density_km2": 6.0, "HLD_norm": 0.12765957446536896, "MAG_norm": 0.81935039796299891, "CHAN_norm": 0.47463231256066907, "LS_LRSI": 40.456136913371793, "risk_class": "High" }, "geometry": { "type": "Polygon", "coordinates": [ [ [ 515838.400959495396819, 776698.593996203271672 ], [ 515838.400959495396819, 777698.593996203271672 ], [ 514838.400959495396819, 777698.593996203271672 ], [ 514838.400959495396819, 776698.593996203271672 ], [ 515838.400959495396819, 776698.593996203271672 ] ] ] } },
{ "type": "Feature", "properties": { "grid_id": "10_10", "n_landslides": 13.0, "total_area_m2": 19724.53246076373, "mean_compactness": 0.59745328543398946, "density_km2": 13.0, "HLD_norm": 0.27659574467496606, "MAG_norm": 0.875052501568781, "CHAN_norm": 0.39863229174888448, "LS_LRSI": 48.054008115789429, "risk_class": "Very High" }, "geometry": { "type": "Polygon", "coordinates": [ [ [ 515838.400959495396819, 777698.593996203271672 ], [ 515838.400959495396819, 778698.593996203271672 ], [ 514838.400959495396819, 778698.593996203271672 ], [ 514838.400959495396819, 777698.593996203271672 ], [ 515838.400959495396819, 777698.593996203271672 ] ] ] } },
{ "type": "Feature", "properties": { "grid_id": "10_11", "n_landslides": 11.0, "total_area_m2": 26979.522496674901, "mean_compactness": 0.45789827650942416, "density_km2": 11.0, "HLD_norm": 0.23404255318650974, "MAG_norm": 0.90276501917413943, "CHAN_norm": 0.57836139859370539, "LS_LRSI": 50.352306206423769, "risk_class": "Very High" }, "geometry": { "type": "Polygon", "coordinates": [ [ [ 515838.400959495396819, 778698.593996203271672 ], [ 515838.400959495396819, 779698.593996203271672 ], [ 514838.400959495396819, 779698.593996203271672 ], [ 514838.400959495396819, 778698.593996203271672 ], [ 515838.400959495396819, 778698.593996203271672 ] ] ] } },
{ "type": "Feature", "properties": { "grid_id": "10_12", "n_landslides": 2.0, "total_area_m2": 1552.2719962292222, "mean_compactness": 0.82660880311762186, "density_km2": 2.0, "HLD_norm": 0.042553191488456321, "MAG_norm": 0.65017239490200851, "CHAN_norm": 0.10350912247515132, "LS_LRSI": 23.703013870986098, "risk_class": "Medium" }, "geometry": { "type": "Polygon", "coordinates": [ [ [ 515838.400959495396819, 779698.593996203271672 ], [ 515838.400959495396819, 780698.593996203271672 ], [ 514838.400959495396819, 780698.593996203271672 ], [ 514838.400959495396819, 779698.593996203271672 ], [ 515838.400959495396819, 779698.593996203271672 ] ] ] } },
{ "type": "Feature", "properties": { "grid_id": "10_13", "n_landslides": 14.0, "total_area_m2": 12866.675553561374, "mean_compactness": 0.72285875723212278, "density_km2": 14.0, "HLD_norm": 0.29787234041919425, "MAG_norm": 0.83725361719891722, "CHAN_norm": 0.23712598958587816, "LS_LRSI": 44.753745328644797, "risk_class": "Very High" }, "geometry": { "type": "Polygon", "coordinates": [ [ [ 515838.400959495396819, 780698.593996203271672 ], [ 515838.400959495396819, 781698.593996203271672 ], [ 514838.400959495396819, 781698.593996203271672 ], [ 514838.400959495396819, 780698.593996203271672 ], [ 515838.400959495396819, 780698.593996203271672 ] ] ] } },
{ "type": "Feature", "properties": { "grid_id": "10_14", "n_landslides": 9.0, "total_area_m2": 9649.8571739444469, "mean_compactness": 0.65948896359289799, "density_km2": 9.0, "HLD_norm": 0.19148936169805345, "MAG_norm": 0.81180000491638726, "CHAN_norm": 0.31873822621921089, "LS_LRSI": 40.303232756778506, "risk_class": "High" }, "geometry": { "type": "Polygon", "coordinates": [ [ [ 515838.400959495396819, 781698.593996203271672 ], [ 515838.400959495396819, 782698.593996203271672 ], [ 514838.400959495396819, 782698.593996203271672 ], [ 514838.400959495396819, 781698.593996203271672 ], [ 515838.400959495396819, 781698.593996203271672 ] ] ] } },
{ "type": "Feature", "properties": { "grid_id": "10_15", "n_landslides": 1.0, "total_area_m2": 9037.9883861997896, "mean_compactness": 0.64159947259119099, "density_km2": 1.0, "HLD_norm": 0.021276595744228161, "MAG_norm": 0.80600451494024261, "CHAN_norm": 0.34177761595106371, "LS_LRSI": 32.07951755443996, "risk_class": "Medium" }, "geometry": { "type": "Polygon", "coordinates": [ [ [ 515838.400959495396819, 782698.593996203271672 ], [ 515838.400959495396819, 783698.593996203271672 ], [ 514838.400959495396819, 783698.593996203271672 ], [ 514838.400959495396819, 782698.593996203271672 ], [ 515838.400959495396819, 782698.593996203271672 ] ] ] } },
{ "type": "Feature", "properties": { "grid_id": "10_16", "n_landslides": 2.0, "total_area_m2": 11654.298929710199, "mean_compactness": 0.30888571953652771, "density_km2": 2.0, "HLD_norm": 0.042553191488456321, "MAG_norm": 0.82849771393610949, "CHAN_norm": 0.77027062478191255, "LS_LRSI": 42.388003488144356, "risk_class": "High" }, "geometry": { "type": "Polygon", "coordinates": [ [ [ 515838.400959495396819, 783698.593996203271672 ], [ 515838.400959495396819, 784698.593996203271672 ], [ 514838.400959495396819, 784698.593996203271672 ], [ 514838.400959495396819, 783698.593996203271672 ], [ 515838.400959495396819, 783698.593996203271672 ] ] ] } },
{ "type": "Feature", "properties": { "grid_id": "10_17", "n_landslides": 0.0, "total_area_m2": 0.0, "mean_compactness": 0.58495690026143277, "density_km2": 0.0, "HLD_norm": 0.0, "MAG_norm": 0.0, "CHAN_norm": 0.41472604691511072, "LS_LRSI": 8.2945209383022149, "risk_class": "Low" }, "geometry": { "type": "Polygon", "coordinates": [ [ [ 515838.400959495396819, 784698.593996203271672 ], [ 515838.400959495396819, 785698.593996203271672 ], [ 514838.400959495396819, 785698.593996203271672 ], [ 514838.400959495396819, 784698.593996203271672 ], [ 515838.400959495396819, 784698.593996203271672 ] ] ] } },
{ "type": "Feature", "properties": { "grid_id": "11_0", "n_landslides": 0.0, "total_area_m2": 0.0, "mean_compactness": 0.58495690026143277, "density_km2": 0.0, "HLD_norm": 0.0, "MAG_norm": 0.0, "CHAN_norm": 0.41472604691511072, "LS_LRSI": 8.2945209383022149, "risk_class": "Low" }, "geometry": { "type": "Polygon", "coordinates": [ [ [ 516838.400959495396819, 767698.593996203271672 ], [ 516838.400959495396819, 768698.593996203271672 ], [ 515838.400959495396819, 768698.593996203271672 ], [ 515838.400959495396819, 767698.593996203271672 ], [ 516838.400959495396819, 767698.593996203271672 ] ] ] } },
{ "type": "Feature", "properties": { "grid_id": "11_1", "n_landslides": 0.0, "total_area_m2": 0.0, "mean_compactness": 0.58495690026143277, "density_km2": 0.0, "HLD_norm": 0.0, "MAG_norm": 0.0, "CHAN_norm": 0.41472604691511072, "LS_LRSI": 8.2945209383022149, "risk_class": "Low" }, "geometry": { "type": "Polygon", "coordinates": [ [ [ 516838.400959495396819, 768698.593996203271672 ], [ 516838.400959495396819, 769698.593996203271672 ], [ 515838.400959495396819, 769698.593996203271672 ], [ 515838.400959495396819, 768698.593996203271672 ], [ 516838.400959495396819, 768698.593996203271672 ] ] ] } },
{ "type": "Feature", "properties": { "grid_id": "11_2", "n_landslides": 0.0, "total_area_m2": 0.0, "mean_compactness": 0.58495690026143277, "density_km2": 0.0, "HLD_norm": 0.0, "MAG_norm": 0.0, "CHAN_norm": 0.41472604691511072, "LS_LRSI": 8.2945209383022149, "risk_class": "Low" }, "geometry": { "type": "Polygon", "coordinates": [ [ [ 516838.400959495396819, 769698.593996203271672 ], [ 516838.400959495396819, 770698.593996203271672 ], [ 515838.400959495396819, 770698.593996203271672 ], [ 515838.400959495396819, 769698.593996203271672 ], [ 516838.400959495396819, 769698.593996203271672 ] ] ] } },
{ "type": "Feature", "properties": { "grid_id": "11_3", "n_landslides": 0.0, "total_area_m2": 0.0, "mean_compactness": 0.58495690026143277, "density_km2": 0.0, "HLD_norm": 0.0, "MAG_norm": 0.0, "CHAN_norm": 0.41472604691511072, "LS_LRSI": 8.2945209383022149, "risk_class": "Low" }, "geometry": { "type": "Polygon", "coordinates": [ [ [ 516838.400959495396819, 770698.593996203271672 ], [ 516838.400959495396819, 771698.593996203271672 ], [ 515838.400959495396819, 771698.593996203271672 ], [ 515838.400959495396819, 770698.593996203271672 ], [ 516838.400959495396819, 770698.593996203271672 ] ] ] } },
{ "type": "Feature", "properties": { "grid_id": "11_4", "n_landslides": 3.0, "total_area_m2": 3196.9253967473519, "mean_compactness": 0.70459820443659194, "density_km2": 3.0, "HLD_norm": 0.063829787232684482, "MAG_norm": 0.7140682838753859, "CHAN_norm": 0.26064325972705571, "LS_LRSI": 29.826403072436918, "risk_class": "Medium" }, "geometry": { "type": "Polygon", "coordinates": [ [ [ 516838.400959495396819, 771698.593996203271672 ], [ 516838.400959495396819, 772698.593996203271672 ], [ 515838.400959495396819, 772698.593996203271672 ], [ 515838.400959495396819, 771698.593996203271672 ], [ 516838.400959495396819, 771698.593996203271672 ] ] ] } },
{ "type": "Feature", "properties": { "grid_id": "11_5", "n_landslides": 4.0, "total_area_m2": 6026.9848069657164, "mean_compactness": 0.57794539353435626, "density_km2": 4.0, "HLD_norm": 0.085106382976912642, "MAG_norm": 0.77015761694463869, "CHAN_norm": 0.42375597605491744, "LS_LRSI": 35.835167178283143, "risk_class": "High" }, "geometry": { "type": "Polygon", "coordinates": [ [ [ 516838.400959495396819, 772698.593996203271672 ], [ 516838.400959495396819, 773698.593996203271672 ], [ 515838.400959495396819, 773698.593996203271672 ], [ 515838.400959495396819, 772698.593996203271672 ], [ 516838.400959495396819, 772698.593996203271672 ] ] ] } },
{ "type": "Feature", "properties": { "grid_id": "11_6", "n_landslides": 2.0, "total_area_m2": 2790.797619663113, "mean_compactness": 0.53275083037384174, "density_km2": 2.0, "HLD_norm": 0.042553191488456321, "MAG_norm": 0.7020510318545512, "CHAN_norm": 0.48196082684226382, "LS_LRSI": 32.828407066904632, "risk_class": "High" }, "geometry": { "type": "Polygon", "coordinates": [ [ [ 516838.400959495396819, 773698.593996203271672 ], [ 516838.400959495396819, 774698.593996203271672 ], [ 515838.400959495396819, 774698.593996203271672 ], [ 515838.400959495396819, 773698.593996203271672 ], [ 516838.400959495396819, 773698.593996203271672 ] ] ] } },
{ "type": "Feature", "properties": { "grid_id": "11_7", "n_landslides": 9.0, "total_area_m2": 16590.090200808649, "mean_compactness": 0.57298549141933741, "density_km2": 9.0, "HLD_norm": 0.19148936169805345, "MAG_norm": 0.85974095556753727, "CHAN_norm": 0.43014369931931085, "LS_LRSI": 43.969570738315007, "risk_class": "Very High" }, "geometry": { "type": "Polygon", "coordinates": [ [ [ 516838.400959495396819, 774698.593996203271672 ], [ 516838.400959495396819, 775698.593996203271672 ], [ 515838.400959495396819, 775698.593996203271672 ], [ 515838.400959495396819, 774698.593996203271672 ], [ 516838.400959495396819, 774698.593996203271672 ] ] ] } },
{ "type": "Feature", "properties": { "grid_id": "11_8", "n_landslides": 7.0, "total_area_m2": 32837.674646037602, "mean_compactness": 0.4488222996265514, "density_km2": 7.0, "HLD_norm": 0.14893617020959712, "MAG_norm": 0.92015089520658677, "CHAN_norm": 0.59005010279338554, "LS_LRSI": 46.852337422545169, "risk_class": "Very High" }, "geometry": { "type": "Polygon", "coordinates": [ [ [ 516838.400959495396819, 775698.593996203271672 ], [ 516838.400959495396819, 776698.593996203271672 ], [ 515838.400959495396819, 776698.593996203271672 ], [ 515838.400959495396819, 775698.593996203271672 ], [ 516838.400959495396819, 775698.593996203271672 ] ] ] } },
{ "type": "Feature", "properties": { "grid_id": "11_9", "n_landslides": 2.0, "total_area_m2": 7138.4956675672456, "mean_compactness": 0.55481737766195383, "density_km2": 2.0, "HLD_norm": 0.042553191488456321, "MAG_norm": 0.7851312817953876, "CHAN_norm": 0.45354191973313129, "LS_LRSI": 34.752436422947078, "risk_class": "High" }, "geometry": { "type": "Polygon", "coordinates": [ [ [ 516838.400959495396819, 776698.593996203271672 ], [ 516838.400959495396819, 777698.593996203271672 ], [ 515838.400959495396819, 777698.593996203271672 ], [ 515838.400959495396819, 776698.593996203271672 ], [ 516838.400959495396819, 776698.593996203271672 ] ] ] } },
{ "type": "Feature", "properties": { "grid_id": "11_10", "n_landslides": 5.0, "total_area_m2": 5422.8847968374312, "mean_compactness": 0.63810156113315941, "density_km2": 5.0, "HLD_norm": 0.10638297872114079, "MAG_norm": 0.76081393353500482, "CHAN_norm": 0.34628248114378568, "LS_LRSI": 35.069216564982895, "risk_class": "High" }, "geometry": { "type": "Polygon", "coordinates": [ [ [ 516838.400959495396819, 777698.593996203271672 ], [ 516838.400959495396819, 778698.593996203271672 ], [ 515838.400959495396819, 778698.593996203271672 ], [ 515838.400959495396819, 777698.593996203271672 ], [ 516838.400959495396819, 777698.593996203271672 ] ] ] } },
{ "type": "Feature", "properties": { "grid_id": "11_11", "n_landslides": 10.0, "total_area_m2": 22543.421025480682, "mean_compactness": 0.55389716478336681, "density_km2": 10.0, "HLD_norm": 0.21276595744228158, "MAG_norm": 0.88687130562026417, "CHAN_norm": 0.45472703691416305, "LS_LRSI": 46.338977779005262, "risk_class": "Very High" }, "geometry": { "type": "Polygon", "coordinates": [ [ [ 516838.400959495396819, 778698.593996203271672 ], [ 516838.400959495396819, 779698.593996203271672 ], [ 515838.400959495396819, 779698.593996203271672 ], [ 515838.400959495396819, 778698.593996203271672 ], [ 516838.400959495396819, 778698.593996203271672 ] ] ] } },
{ "type": "Feature", "properties": { "grid_id": "11_12", "n_landslides": 2.0, "total_area_m2": 2826.958515522615, "mean_compactness": 0.687120109612952, "density_km2": 2.0, "HLD_norm": 0.042553191488456321, "MAG_norm": 0.70318973376428739, "CHAN_norm": 0.28315282349126214, "LS_LRSI": 28.886408057176681, "risk_class": "Medium" }, "geometry": { "type": "Polygon", "coordinates": [ [ [ 516838.400959495396819, 779698.593996203271672 ], [ 516838.400959495396819, 780698.593996203271672 ], [ 515838.400959495396819, 780698.593996203271672 ], [ 515838.400959495396819, 779698.593996203271672 ], [ 516838.400959495396819, 779698.593996203271672 ] ] ] } },
{ "type": "Feature", "properties": { "grid_id": "11_13", "n_landslides": 21.0, "total_area_m2": 35878.295884992185, "mean_compactness": 0.65972807238347186, "density_km2": 21.0, "HLD_norm": 0.44680851062879134, "MAG_norm": 0.92798623825104343, "CHAN_norm": 0.31843028450002964, "LS_LRSI": 56.548618368971468, "risk_class": "Very High" }, "geometry": { "type": "Polygon", "coordinates": [ [ [ 516838.400959495396819, 780698.593996203271672 ], [ 516838.400959495396819, 781698.593996203271672 ], [ 515838.400959495396819, 781698.593996203271672 ], [ 515838.400959495396819, 780698.593996203271672 ], [ 516838.400959495396819, 780698.593996203271672 ] ] ] } },
{ "type": "Feature", "properties": { "grid_id": "11_14", "n_landslides": 4.0, "total_area_m2": 5579.622890831849, "mean_compactness": 0.45992131955577448, "density_km2": 4.0, "HLD_norm": 0.085106382976912642, "MAG_norm": 0.76333460158911193, "CHAN_norm": 0.57575597638327281, "LS_LRSI": 38.670476724184446, "risk_class": "High" }, "geometry": { "type": "Polygon", "coordinates": [ [ [ 516838.400959495396819, 781698.593996203271672 ], [ 516838.400959495396819, 782698.593996203271672 ], [ 515838.400959495396819, 782698.593996203271672 ], [ 515838.400959495396819, 781698.593996203271672 ], [ 516838.400959495396819, 781698.593996203271672 ] ] ] } },
{ "type": "Feature", "properties": { "grid_id": "11_15", "n_landslides": 13.0, "total_area_m2": 11967.73087761241, "mean_compactness": 0.59455052816945442, "density_km2": 13.0, "HLD_norm": 0.27659574467496606, "MAG_norm": 0.83084570861371088, "CHAN_norm": 0.4023706740152222, "LS_LRSI": 46.802571972464065, "risk_class": "Very High" }, "geometry": { "type": "Polygon", "coordinates": [ [ [ 516838.400959495396819, 782698.593996203271672 ], [ 516838.400959495396819, 783698.593996203271672 ], [ 515838.400959495396819, 783698.593996203271672 ], [ 515838.400959495396819, 782698.593996203271672 ], [ 516838.400959495396819, 782698.593996203271672 ] ] ] } },
{ "type": "Feature", "properties": { "grid_id": "11_16", "n_landslides": 0.0, "total_area_m2": 0.0, "mean_compactness": 0.58495690026143277, "density_km2": 0.0, "HLD_norm": 0.0, "MAG_norm": 0.0, "CHAN_norm": 0.41472604691511072, "LS_LRSI": 8.2945209383022149, "risk_class": "Low" }, "geometry": { "type": "Polygon", "coordinates": [ [ [ 516838.400959495396819, 783698.593996203271672 ], [ 516838.400959495396819, 784698.593996203271672 ], [ 515838.400959495396819, 784698.593996203271672 ], [ 515838.400959495396819, 783698.593996203271672 ], [ 516838.400959495396819, 783698.593996203271672 ] ] ] } },
{ "type": "Feature", "properties": { "grid_id": "11_17", "n_landslides": 1.0, "total_area_m2": 3808.8320826799213, "mean_compactness": 0.54779540263506421, "density_km2": 1.0, "HLD_norm": 0.021276595744228161, "MAG_norm": 0.7295598706646842, "CHAN_norm": 0.46258533071203556, "LS_LRSI": 32.202332521392648, "risk_class": "High" }, "geometry": { "type": "Polygon", "coordinates": [ [ [ 516838.400959495396819, 784698.593996203271672 ], [ 516838.400959495396819, 785698.593996203271672 ], [ 515838.400959495396819, 785698.593996203271672 ], [ 515838.400959495396819, 784698.593996203271672 ], [ 516838.400959495396819, 784698.593996203271672 ] ] ] } },
{ "type": "Feature", "properties": { "grid_id": "12_0", "n_landslides": 0.0, "total_area_m2": 0.0, "mean_compactness": 0.58495690026143277, "density_km2": 0.0, "HLD_norm": 0.0, "MAG_norm": 0.0, "CHAN_norm": 0.41472604691511072, "LS_LRSI": 8.2945209383022149, "risk_class": "Low" }, "geometry": { "type": "Polygon", "coordinates": [ [ [ 517838.400959495396819, 767698.593996203271672 ], [ 517838.400959495396819, 768698.593996203271672 ], [ 516838.400959495396819, 768698.593996203271672 ], [ 516838.400959495396819, 767698.593996203271672 ], [ 517838.400959495396819, 767698.593996203271672 ] ] ] } },
{ "type": "Feature", "properties": { "grid_id": "12_1", "n_landslides": 0.0, "total_area_m2": 0.0, "mean_compactness": 0.58495690026143277, "density_km2": 0.0, "HLD_norm": 0.0, "MAG_norm": 0.0, "CHAN_norm": 0.41472604691511072, "LS_LRSI": 8.2945209383022149, "risk_class": "Low" }, "geometry": { "type": "Polygon", "coordinates": [ [ [ 517838.400959495396819, 768698.593996203271672 ], [ 517838.400959495396819, 769698.593996203271672 ], [ 516838.400959495396819, 769698.593996203271672 ], [ 516838.400959495396819, 768698.593996203271672 ], [ 517838.400959495396819, 768698.593996203271672 ] ] ] } },
{ "type": "Feature", "properties": { "grid_id": "12_2", "n_landslides": 0.0, "total_area_m2": 0.0, "mean_compactness": 0.58495690026143277, "density_km2": 0.0, "HLD_norm": 0.0, "MAG_norm": 0.0, "CHAN_norm": 0.41472604691511072, "LS_LRSI": 8.2945209383022149, "risk_class": "Low" }, "geometry": { "type": "Polygon", "coordinates": [ [ [ 517838.400959495396819, 769698.593996203271672 ], [ 517838.400959495396819, 770698.593996203271672 ], [ 516838.400959495396819, 770698.593996203271672 ], [ 516838.400959495396819, 769698.593996203271672 ], [ 517838.400959495396819, 769698.593996203271672 ] ] ] } },
{ "type": "Feature", "properties": { "grid_id": "12_3", "n_landslides": 0.0, "total_area_m2": 0.0, "mean_compactness": 0.58495690026143277, "density_km2": 0.0, "HLD_norm": 0.0, "MAG_norm": 0.0, "CHAN_norm": 0.41472604691511072, "LS_LRSI": 8.2945209383022149, "risk_class": "Low" }, "geometry": { "type": "Polygon", "coordinates": [ [ [ 517838.400959495396819, 770698.593996203271672 ], [ 517838.400959495396819, 771698.593996203271672 ], [ 516838.400959495396819, 771698.593996203271672 ], [ 516838.400959495396819, 770698.593996203271672 ], [ 517838.400959495396819, 770698.593996203271672 ] ] ] } },
{ "type": "Feature", "properties": { "grid_id": "12_4", "n_landslides": 0.0, "total_area_m2": 0.0, "mean_compactness": 0.58495690026143277, "density_km2": 0.0, "HLD_norm": 0.0, "MAG_norm": 0.0, "CHAN_norm": 0.41472604691511072, "LS_LRSI": 8.2945209383022149, "risk_class": "Low" }, "geometry": { "type": "Polygon", "coordinates": [ [ [ 517838.400959495396819, 771698.593996203271672 ], [ 517838.400959495396819, 772698.593996203271672 ], [ 516838.400959495396819, 772698.593996203271672 ], [ 516838.400959495396819, 771698.593996203271672 ], [ 517838.400959495396819, 771698.593996203271672 ] ] ] } },
{ "type": "Feature", "properties": { "grid_id": "12_5", "n_landslides": 0.0, "total_area_m2": 0.0, "mean_compactness": 0.58495690026143277, "density_km2": 0.0, "HLD_norm": 0.0, "MAG_norm": 0.0, "CHAN_norm": 0.41472604691511072, "LS_LRSI": 8.2945209383022149, "risk_class": "Low" }, "geometry": { "type": "Polygon", "coordinates": [ [ [ 517838.400959495396819, 772698.593996203271672 ], [ 517838.400959495396819, 773698.593996203271672 ], [ 516838.400959495396819, 773698.593996203271672 ], [ 516838.400959495396819, 772698.593996203271672 ], [ 517838.400959495396819, 772698.593996203271672 ] ] ] } },
{ "type": "Feature", "properties": { "grid_id": "12_6", "n_landslides": 0.0, "total_area_m2": 0.0, "mean_compactness": 0.58495690026143277, "density_km2": 0.0, "HLD_norm": 0.0, "MAG_norm": 0.0, "CHAN_norm": 0.41472604691511072, "LS_LRSI": 8.2945209383022149, "risk_class": "Low" }, "geometry": { "type": "Polygon", "coordinates": [ [ [ 517838.400959495396819, 773698.593996203271672 ], [ 517838.400959495396819, 774698.593996203271672 ], [ 516838.400959495396819, 774698.593996203271672 ], [ 516838.400959495396819, 773698.593996203271672 ], [ 517838.400959495396819, 773698.593996203271672 ] ] ] } },
{ "type": "Feature", "properties": { "grid_id": "12_7", "n_landslides": 0.0, "total_area_m2": 0.0, "mean_compactness": 0.58495690026143277, "density_km2": 0.0, "HLD_norm": 0.0, "MAG_norm": 0.0, "CHAN_norm": 0.41472604691511072, "LS_LRSI": 8.2945209383022149, "risk_class": "Low" }, "geometry": { "type": "Polygon", "coordinates": [ [ [ 517838.400959495396819, 774698.593996203271672 ], [ 517838.400959495396819, 775698.593996203271672 ], [ 516838.400959495396819, 775698.593996203271672 ], [ 516838.400959495396819, 774698.593996203271672 ], [ 517838.400959495396819, 774698.593996203271672 ] ] ] } },
{ "type": "Feature", "properties": { "grid_id": "12_8", "n_landslides": 1.0, "total_area_m2": 672.84354494421052, "mean_compactness": 0.62975580954399479, "density_km2": 1.0, "HLD_norm": 0.021276595744228161, "MAG_norm": 0.5762796583625146, "CHAN_norm": 0.35703074801452261, "LS_LRSI": 25.492834498377299, "risk_class": "Medium" }, "geometry": { "type": "Polygon", "coordinates": [ [ [ 517838.400959495396819, 775698.593996203271672 ], [ 517838.400959495396819, 776698.593996203271672 ], [ 516838.400959495396819, 776698.593996203271672 ], [ 516838.400959495396819, 775698.593996203271672 ], [ 517838.400959495396819, 775698.593996203271672 ] ] ] } },
{ "type": "Feature", "properties": { "grid_id": "12_9", "n_landslides": 3.0, "total_area_m2": 4719.1618727659306, "mean_compactness": 0.71324527506020807, "density_km2": 3.0, "HLD_norm": 0.063829787232684482, "MAG_norm": 0.7485177324093879, "CHAN_norm": 0.24950693225315845, "LS_LRSI": 30.637159978979028, "risk_class": "Medium" }, "geometry": { "type": "Polygon", "coordinates": [ [ [ 517838.400959495396819, 776698.593996203271672 ], [ 517838.400959495396819, 777698.593996203271672 ], [ 516838.400959495396819, 777698.593996203271672 ], [ 516838.400959495396819, 776698.593996203271672 ], [ 517838.400959495396819, 776698.593996203271672 ] ] ] } },
{ "type": "Feature", "properties": { "grid_id": "12_10", "n_landslides": 10.0, "total_area_m2": 25404.512328950321, "mean_compactness": 0.60150113859881993, "density_km2": 10.0, "HLD_norm": 0.21276595744228158, "MAG_norm": 0.89744294298852134, "CHAN_norm": 0.39341917156380235, "LS_LRSI": 45.429969593045769, "risk_class": "Very High" }, "geometry": { "type": "Polygon", "coordinates": [ [ [ 517838.400959495396819, 777698.593996203271672 ], [ 517838.400959495396819, 778698.593996203271672 ], [ 516838.400959495396819, 778698.593996203271672 ], [ 516838.400959495396819, 777698.593996203271672 ], [ 517838.400959495396819, 777698.593996203271672 ] ] ] } },
{ "type": "Feature", "properties": { "grid_id": "12_11", "n_landslides": 12.0, "total_area_m2": 46978.910312522981, "mean_compactness": 0.45680245802221814, "density_km2": 12.0, "HLD_norm": 0.25531914893073793, "MAG_norm": 0.95183727402862306, "CHAN_norm": 0.57977267347009498, "LS_LRSI": 52.916529136797486, "risk_class": "Very High" }, "geometry": { "type": "Polygon", "coordinates": [ [ [ 517838.400959495396819, 778698.593996203271672 ], [ 517838.400959495396819, 779698.593996203271672 ], [ 516838.400959495396819, 779698.593996203271672 ], [ 516838.400959495396819, 778698.593996203271672 ], [ 517838.400959495396819, 778698.593996203271672 ] ] ] } },
{ "type": "Feature", "properties": { "grid_id": "12_12", "n_landslides": 17.0, "total_area_m2": 24060.315626779902, "mean_compactness": 0.55678009184517074, "density_km2": 17.0, "HLD_norm": 0.3617021276518787, "MAG_norm": 0.89263302094959285, "CHAN_norm": 0.45101419342749993, "LS_LRSI": 53.884380879631721, "risk_class": "Very High" }, "geometry": { "type": "Polygon", "coordinates": [ [ [ 517838.400959495396819, 779698.593996203271672 ], [ 517838.400959495396819, 780698.593996203271672 ], [ 516838.400959495396819, 780698.593996203271672 ], [ 516838.400959495396819, 779698.593996203271672 ], [ 517838.400959495396819, 779698.593996203271672 ] ] ] } },
{ "type": "Feature", "properties": { "grid_id": "12_13", "n_landslides": 13.0, "total_area_m2": 24932.409452546079, "mean_compactness": 0.59433636029529591, "density_km2": 13.0, "HLD_norm": 0.27659574467496606, "MAG_norm": 0.89578324978813839, "CHAN_norm": 0.40264649500533922, "LS_LRSI": 48.75621462749924, "risk_class": "Very High" }, "geometry": { "type": "Polygon", "coordinates": [ [ [ 517838.400959495396819, 780698.593996203271672 ], [ 517838.400959495396819, 781698.593996203271672 ], [ 516838.400959495396819, 781698.593996203271672 ], [ 516838.400959495396819, 780698.593996203271672 ], [ 517838.400959495396819, 780698.593996203271672 ] ] ] } },
{ "type": "Feature", "properties": { "grid_id": "12_14", "n_landslides": 3.0, "total_area_m2": 1716.100902148235, "mean_compactness": 0.72914139482958695, "density_km2": 3.0, "HLD_norm": 0.063829787232684482, "MAG_norm": 0.6590447574958318, "CHAN_norm": 0.22903475120809769, "LS_LRSI": 27.543527110671128, "risk_class": "Medium" }, "geometry": { "type": "Polygon", "coordinates": [ [ [ 517838.400959495396819, 781698.593996203271672 ], [ 517838.400959495396819, 782698.593996203271672 ], [ 516838.400959495396819, 782698.593996203271672 ], [ 516838.400959495396819, 781698.593996203271672 ], [ 517838.400959495396819, 781698.593996203271672 ] ] ] } },
{ "type": "Feature", "properties": { "grid_id": "12_15", "n_landslides": 12.0, "total_area_m2": 19980.849260866751, "mean_compactness": 0.581996842198648, "density_km2": 12.0, "HLD_norm": 0.25531914893073793, "MAG_norm": 0.87619483844834178, "CHAN_norm": 0.41853822532370288, "LS_LRSI": 47.422567106461209, "risk_class": "Very High" }, "geometry": { "type": "Polygon", "coordinates": [ [ [ 517838.400959495396819, 782698.593996203271672 ], [ 517838.400959495396819, 783698.593996203271672 ], [ 516838.400959495396819, 783698.593996203271672 ], [ 516838.400959495396819, 782698.593996203271672 ], [ 517838.400959495396819, 782698.593996203271672 ] ] ] } },
{ "type": "Feature", "properties": { "grid_id": "12_16", "n_landslides": 0.0, "total_area_m2": 0.0, "mean_compactness": 0.58495690026143277, "density_km2": 0.0, "HLD_norm": 0.0, "MAG_norm": 0.0, "CHAN_norm": 0.41472604691511072, "LS_LRSI": 8.2945209383022149, "risk_class": "Low" }, "geometry": { "type": "Polygon", "coordinates": [ [ [ 517838.400959495396819, 783698.593996203271672 ], [ 517838.400959495396819, 784698.593996203271672 ], [ 516838.400959495396819, 784698.593996203271672 ], [ 516838.400959495396819, 783698.593996203271672 ], [ 517838.400959495396819, 783698.593996203271672 ] ] ] } },
{ "type": "Feature", "properties": { "grid_id": "12_17", "n_landslides": 0.0, "total_area_m2": 0.0, "mean_compactness": 0.58495690026143277, "density_km2": 0.0, "HLD_norm": 0.0, "MAG_norm": 0.0, "CHAN_norm": 0.41472604691511072, "LS_LRSI": 8.2945209383022149, "risk_class": "Low" }, "geometry": { "type": "Polygon", "coordinates": [ [ [ 517838.400959495396819, 784698.593996203271672 ], [ 517838.400959495396819, 785698.593996203271672 ], [ 516838.400959495396819, 785698.593996203271672 ], [ 516838.400959495396819, 784698.593996203271672 ], [ 517838.400959495396819, 784698.593996203271672 ] ] ] } },
{ "type": "Feature", "properties": { "grid_id": "13_0", "n_landslides": 0.0, "total_area_m2": 0.0, "mean_compactness": 0.58495690026143277, "density_km2": 0.0, "HLD_norm": 0.0, "MAG_norm": 0.0, "CHAN_norm": 0.41472604691511072, "LS_LRSI": 8.2945209383022149, "risk_class": "Low" }, "geometry": { "type": "Polygon", "coordinates": [ [ [ 518838.400959495396819, 767698.593996203271672 ], [ 518838.400959495396819, 768698.593996203271672 ], [ 517838.400959495396819, 768698.593996203271672 ], [ 517838.400959495396819, 767698.593996203271672 ], [ 518838.400959495396819, 767698.593996203271672 ] ] ] } },
{ "type": "Feature", "properties": { "grid_id": "13_1", "n_landslides": 0.0, "total_area_m2": 0.0, "mean_compactness": 0.58495690026143277, "density_km2": 0.0, "HLD_norm": 0.0, "MAG_norm": 0.0, "CHAN_norm": 0.41472604691511072, "LS_LRSI": 8.2945209383022149, "risk_class": "Low" }, "geometry": { "type": "Polygon", "coordinates": [ [ [ 518838.400959495396819, 768698.593996203271672 ], [ 518838.400959495396819, 769698.593996203271672 ], [ 517838.400959495396819, 769698.593996203271672 ], [ 517838.400959495396819, 768698.593996203271672 ], [ 518838.400959495396819, 768698.593996203271672 ] ] ] } },
{ "type": "Feature", "properties": { "grid_id": "13_2", "n_landslides": 0.0, "total_area_m2": 0.0, "mean_compactness": 0.58495690026143277, "density_km2": 0.0, "HLD_norm": 0.0, "MAG_norm": 0.0, "CHAN_norm": 0.41472604691511072, "LS_LRSI": 8.2945209383022149, "risk_class": "Low" }, "geometry": { "type": "Polygon", "coordinates": [ [ [ 518838.400959495396819, 769698.593996203271672 ], [ 518838.400959495396819, 770698.593996203271672 ], [ 517838.400959495396819, 770698.593996203271672 ], [ 517838.400959495396819, 769698.593996203271672 ], [ 518838.400959495396819, 769698.593996203271672 ] ] ] } },
{ "type": "Feature", "properties": { "grid_id": "13_3", "n_landslides": 0.0, "total_area_m2": 0.0, "mean_compactness": 0.58495690026143277, "density_km2": 0.0, "HLD_norm": 0.0, "MAG_norm": 0.0, "CHAN_norm": 0.41472604691511072, "LS_LRSI": 8.2945209383022149, "risk_class": "Low" }, "geometry": { "type": "Polygon", "coordinates": [ [ [ 518838.400959495396819, 770698.593996203271672 ], [ 518838.400959495396819, 771698.593996203271672 ], [ 517838.400959495396819, 771698.593996203271672 ], [ 517838.400959495396819, 770698.593996203271672 ], [ 518838.400959495396819, 770698.593996203271672 ] ] ] } },
{ "type": "Feature", "properties": { "grid_id": "13_4", "n_landslides": 0.0, "total_area_m2": 0.0, "mean_compactness": 0.58495690026143277, "density_km2": 0.0, "HLD_norm": 0.0, "MAG_norm": 0.0, "CHAN_norm": 0.41472604691511072, "LS_LRSI": 8.2945209383022149, "risk_class": "Low" }, "geometry": { "type": "Polygon", "coordinates": [ [ [ 518838.400959495396819, 771698.593996203271672 ], [ 518838.400959495396819, 772698.593996203271672 ], [ 517838.400959495396819, 772698.593996203271672 ], [ 517838.400959495396819, 771698.593996203271672 ], [ 518838.400959495396819, 771698.593996203271672 ] ] ] } },
{ "type": "Feature", "properties": { "grid_id": "13_5", "n_landslides": 0.0, "total_area_m2": 0.0, "mean_compactness": 0.58495690026143277, "density_km2": 0.0, "HLD_norm": 0.0, "MAG_norm": 0.0, "CHAN_norm": 0.41472604691511072, "LS_LRSI": 8.2945209383022149, "risk_class": "Low" }, "geometry": { "type": "Polygon", "coordinates": [ [ [ 518838.400959495396819, 772698.593996203271672 ], [ 518838.400959495396819, 773698.593996203271672 ], [ 517838.400959495396819, 773698.593996203271672 ], [ 517838.400959495396819, 772698.593996203271672 ], [ 518838.400959495396819, 772698.593996203271672 ] ] ] } },
{ "type": "Feature", "properties": { "grid_id": "13_6", "n_landslides": 0.0, "total_area_m2": 0.0, "mean_compactness": 0.58495690026143277, "density_km2": 0.0, "HLD_norm": 0.0, "MAG_norm": 0.0, "CHAN_norm": 0.41472604691511072, "LS_LRSI": 8.2945209383022149, "risk_class": "Low" }, "geometry": { "type": "Polygon", "coordinates": [ [ [ 518838.400959495396819, 773698.593996203271672 ], [ 518838.400959495396819, 774698.593996203271672 ], [ 517838.400959495396819, 774698.593996203271672 ], [ 517838.400959495396819, 773698.593996203271672 ], [ 518838.400959495396819, 773698.593996203271672 ] ] ] } },
{ "type": "Feature", "properties": { "grid_id": "13_7", "n_landslides": 0.0, "total_area_m2": 0.0, "mean_compactness": 0.58495690026143277, "density_km2": 0.0, "HLD_norm": 0.0, "MAG_norm": 0.0, "CHAN_norm": 0.41472604691511072, "LS_LRSI": 8.2945209383022149, "risk_class": "Low" }, "geometry": { "type": "Polygon", "coordinates": [ [ [ 518838.400959495396819, 774698.593996203271672 ], [ 518838.400959495396819, 775698.593996203271672 ], [ 517838.400959495396819, 775698.593996203271672 ], [ 517838.400959495396819, 774698.593996203271672 ], [ 518838.400959495396819, 774698.593996203271672 ] ] ] } },
{ "type": "Feature", "properties": { "grid_id": "13_8", "n_landslides": 0.0, "total_area_m2": 0.0, "mean_compactness": 0.58495690026143277, "density_km2": 0.0, "HLD_norm": 0.0, "MAG_norm": 0.0, "CHAN_norm": 0.41472604691511072, "LS_LRSI": 8.2945209383022149, "risk_class": "Low" }, "geometry": { "type": "Polygon", "coordinates": [ [ [ 518838.400959495396819, 775698.593996203271672 ], [ 518838.400959495396819, 776698.593996203271672 ], [ 517838.400959495396819, 776698.593996203271672 ], [ 517838.400959495396819, 775698.593996203271672 ], [ 518838.400959495396819, 775698.593996203271672 ] ] ] } },
{ "type": "Feature", "properties": { "grid_id": "13_9", "n_landslides": 1.0, "total_area_m2": 2244.575701226338, "mean_compactness": 0.60966460834294345, "density_km2": 1.0, "HLD_norm": 0.021276595744228161, "MAG_norm": 0.68278651169191529, "CHAN_norm": 0.38290566053204045, "LS_LRSI": 29.205538348609679, "risk_class": "Medium" }, "geometry": { "type": "Polygon", "coordinates": [ [ [ 518838.400959495396819, 776698.593996203271672 ], [ 518838.400959495396819, 777698.593996203271672 ], [ 517838.400959495396819, 777698.593996203271672 ], [ 517838.400959495396819, 776698.593996203271672 ], [ 518838.400959495396819, 776698.593996203271672 ] ] ] } },
{ "type": "Feature", "properties": { "grid_id": "13_10", "n_landslides": 0.0, "total_area_m2": 0.0, "mean_compactness": 0.58495690026143277, "density_km2": 0.0, "HLD_norm": 0.0, "MAG_norm": 0.0, "CHAN_norm": 0.41472604691511072, "LS_LRSI": 8.2945209383022149, "risk_class": "Low" }, "geometry": { "type": "Polygon", "coordinates": [ [ [ 518838.400959495396819, 777698.593996203271672 ], [ 518838.400959495396819, 778698.593996203271672 ], [ 517838.400959495396819, 778698.593996203271672 ], [ 517838.400959495396819, 777698.593996203271672 ], [ 518838.400959495396819, 777698.593996203271672 ] ] ] } },
{ "type": "Feature", "properties": { "grid_id": "13_11", "n_landslides": 0.0, "total_area_m2": 0.0, "mean_compactness": 0.58495690026143277, "density_km2": 0.0, "HLD_norm": 0.0, "MAG_norm": 0.0, "CHAN_norm": 0.41472604691511072, "LS_LRSI": 8.2945209383022149, "risk_class": "Low" }, "geometry": { "type": "Polygon", "coordinates": [ [ [ 518838.400959495396819, 778698.593996203271672 ], [ 518838.400959495396819, 779698.593996203271672 ], [ 517838.400959495396819, 779698.593996203271672 ], [ 517838.400959495396819, 778698.593996203271672 ], [ 518838.400959495396819, 778698.593996203271672 ] ] ] } },
{ "type": "Feature", "properties": { "grid_id": "13_12", "n_landslides": 0.0, "total_area_m2": 0.0, "mean_compactness": 0.58495690026143277, "density_km2": 0.0, "HLD_norm": 0.0, "MAG_norm": 0.0, "CHAN_norm": 0.41472604691511072, "LS_LRSI": 8.2945209383022149, "risk_class": "Low" }, "geometry": { "type": "Polygon", "coordinates": [ [ [ 518838.400959495396819, 779698.593996203271672 ], [ 518838.400959495396819, 780698.593996203271672 ], [ 517838.400959495396819, 780698.593996203271672 ], [ 517838.400959495396819, 779698.593996203271672 ], [ 518838.400959495396819, 779698.593996203271672 ] ] ] } },
{ "type": "Feature", "properties": { "grid_id": "13_13", "n_landslides": 0.0, "total_area_m2": 0.0, "mean_compactness": 0.58495690026143277, "density_km2": 0.0, "HLD_norm": 0.0, "MAG_norm": 0.0, "CHAN_norm": 0.41472604691511072, "LS_LRSI": 8.2945209383022149, "risk_class": "Low" }, "geometry": { "type": "Polygon", "coordinates": [ [ [ 518838.400959495396819, 780698.593996203271672 ], [ 518838.400959495396819, 781698.593996203271672 ], [ 517838.400959495396819, 781698.593996203271672 ], [ 517838.400959495396819, 780698.593996203271672 ], [ 518838.400959495396819, 780698.593996203271672 ] ] ] } },
{ "type": "Feature", "properties": { "grid_id": "13_14", "n_landslides": 1.0, "total_area_m2": 1756.3373418709032, "mean_compactness": 0.72373507261093695, "density_km2": 1.0, "HLD_norm": 0.021276595744228161, "MAG_norm": 0.66109420457639423, "CHAN_norm": 0.23599740680291414, "LS_LRSI": 25.616604060561514, "risk_class": "Medium" }, "geometry": { "type": "Polygon", "coordinates": [ [ [ 518838.400959495396819, 781698.593996203271672 ], [ 518838.400959495396819, 782698.593996203271672 ], [ 517838.400959495396819, 782698.593996203271672 ], [ 517838.400959495396819, 781698.593996203271672 ], [ 518838.400959495396819, 781698.593996203271672 ] ] ] } },
{ "type": "Feature", "properties": { "grid_id": "13_15", "n_landslides": 5.0, "total_area_m2": 6068.3674117424862, "mean_compactness": 0.71485480219355602, "density_km2": 5.0, "HLD_norm": 0.10638297872114079, "MAG_norm": 0.77076297389873549, "CHAN_norm": 0.24743406595944129, "LS_LRSI": 33.390719472207934, "risk_class": "High" }, "geometry": { "type": "Polygon", "coordinates": [ [ [ 518838.400959495396819, 782698.593996203271672 ], [ 518838.400959495396819, 783698.593996203271672 ], [ 517838.400959495396819, 783698.593996203271672 ], [ 517838.400959495396819, 782698.593996203271672 ], [ 518838.400959495396819, 782698.593996203271672 ] ] ] } },
{ "type": "Feature", "properties": { "grid_id": "13_16", "n_landslides": 5.0, "total_area_m2": 13481.461195269299, "mean_compactness": 0.43302247044461151, "density_km2": 5.0, "HLD_norm": 0.10638297872114079, "MAG_norm": 0.84138316034903904, "CHAN_norm": 0.61039827380533218, "LS_LRSI": 42.768609222634858, "risk_class": "High" }, "geometry": { "type": "Polygon", "coordinates": [ [ [ 518838.400959495396819, 783698.593996203271672 ], [ 518838.400959495396819, 784698.593996203271672 ], [ 517838.400959495396819, 784698.593996203271672 ], [ 517838.400959495396819, 783698.593996203271672 ], [ 518838.400959495396819, 783698.593996203271672 ] ] ] } },
{ "type": "Feature", "properties": { "grid_id": "13_17", "n_landslides": 1.0, "total_area_m2": 3021.2608200609689, "mean_compactness": 0.73510286110924639, "density_km2": 1.0, "HLD_norm": 0.021276595744228161, "MAG_norm": 0.70906933553312279, "CHAN_norm": 0.22135714065018597, "LS_LRSI": 26.763052666208814, "risk_class": "Medium" }, "geometry": { "type": "Polygon", "coordinates": [ [ [ 518838.400959495396819, 784698.593996203271672 ], [ 518838.400959495396819, 785698.593996203271672 ], [ 517838.400959495396819, 785698.593996203271672 ], [ 517838.400959495396819, 784698.593996203271672 ], [ 518838.400959495396819, 784698.593996203271672 ] ] ] } },
{ "type": "Feature", "properties": { "grid_id": "14_0", "n_landslides": 0.0, "total_area_m2": 0.0, "mean_compactness": 0.58495690026143277, "density_km2": 0.0, "HLD_norm": 0.0, "MAG_norm": 0.0, "CHAN_norm": 0.41472604691511072, "LS_LRSI": 8.2945209383022149, "risk_class": "Low" }, "geometry": { "type": "Polygon", "coordinates": [ [ [ 519838.400959495396819, 767698.593996203271672 ], [ 519838.400959495396819, 768698.593996203271672 ], [ 518838.400959495396819, 768698.593996203271672 ], [ 518838.400959495396819, 767698.593996203271672 ], [ 519838.400959495396819, 767698.593996203271672 ] ] ] } },
{ "type": "Feature", "properties": { "grid_id": "14_1", "n_landslides": 0.0, "total_area_m2": 0.0, "mean_compactness": 0.58495690026143277, "density_km2": 0.0, "HLD_norm": 0.0, "MAG_norm": 0.0, "CHAN_norm": 0.41472604691511072, "LS_LRSI": 8.2945209383022149, "risk_class": "Low" }, "geometry": { "type": "Polygon", "coordinates": [ [ [ 519838.400959495396819, 768698.593996203271672 ], [ 519838.400959495396819, 769698.593996203271672 ], [ 518838.400959495396819, 769698.593996203271672 ], [ 518838.400959495396819, 768698.593996203271672 ], [ 519838.400959495396819, 768698.593996203271672 ] ] ] } },
{ "type": "Feature", "properties": { "grid_id": "14_2", "n_landslides": 0.0, "total_area_m2": 0.0, "mean_compactness": 0.58495690026143277, "density_km2": 0.0, "HLD_norm": 0.0, "MAG_norm": 0.0, "CHAN_norm": 0.41472604691511072, "LS_LRSI": 8.2945209383022149, "risk_class": "Low" }, "geometry": { "type": "Polygon", "coordinates": [ [ [ 519838.400959495396819, 769698.593996203271672 ], [ 519838.400959495396819, 770698.593996203271672 ], [ 518838.400959495396819, 770698.593996203271672 ], [ 518838.400959495396819, 769698.593996203271672 ], [ 519838.400959495396819, 769698.593996203271672 ] ] ] } },
{ "type": "Feature", "properties": { "grid_id": "14_3", "n_landslides": 0.0, "total_area_m2": 0.0, "mean_compactness": 0.58495690026143277, "density_km2": 0.0, "HLD_norm": 0.0, "MAG_norm": 0.0, "CHAN_norm": 0.41472604691511072, "LS_LRSI": 8.2945209383022149, "risk_class": "Low" }, "geometry": { "type": "Polygon", "coordinates": [ [ [ 519838.400959495396819, 770698.593996203271672 ], [ 519838.400959495396819, 771698.593996203271672 ], [ 518838.400959495396819, 771698.593996203271672 ], [ 518838.400959495396819, 770698.593996203271672 ], [ 519838.400959495396819, 770698.593996203271672 ] ] ] } },
{ "type": "Feature", "properties": { "grid_id": "14_4", "n_landslides": 0.0, "total_area_m2": 0.0, "mean_compactness": 0.58495690026143277, "density_km2": 0.0, "HLD_norm": 0.0, "MAG_norm": 0.0, "CHAN_norm": 0.41472604691511072, "LS_LRSI": 8.2945209383022149, "risk_class": "Low" }, "geometry": { "type": "Polygon", "coordinates": [ [ [ 519838.400959495396819, 771698.593996203271672 ], [ 519838.400959495396819, 772698.593996203271672 ], [ 518838.400959495396819, 772698.593996203271672 ], [ 518838.400959495396819, 771698.593996203271672 ], [ 519838.400959495396819, 771698.593996203271672 ] ] ] } },
{ "type": "Feature", "properties": { "grid_id": "14_5", "n_landslides": 0.0, "total_area_m2": 0.0, "mean_compactness": 0.58495690026143277, "density_km2": 0.0, "HLD_norm": 0.0, "MAG_norm": 0.0, "CHAN_norm": 0.41472604691511072, "LS_LRSI": 8.2945209383022149, "risk_class": "Low" }, "geometry": { "type": "Polygon", "coordinates": [ [ [ 519838.400959495396819, 772698.593996203271672 ], [ 519838.400959495396819, 773698.593996203271672 ], [ 518838.400959495396819, 773698.593996203271672 ], [ 518838.400959495396819, 772698.593996203271672 ], [ 519838.400959495396819, 772698.593996203271672 ] ] ] } },
{ "type": "Feature", "properties": { "grid_id": "14_6", "n_landslides": 0.0, "total_area_m2": 0.0, "mean_compactness": 0.58495690026143277, "density_km2": 0.0, "HLD_norm": 0.0, "MAG_norm": 0.0, "CHAN_norm": 0.41472604691511072, "LS_LRSI": 8.2945209383022149, "risk_class": "Low" }, "geometry": { "type": "Polygon", "coordinates": [ [ [ 519838.400959495396819, 773698.593996203271672 ], [ 519838.400959495396819, 774698.593996203271672 ], [ 518838.400959495396819, 774698.593996203271672 ], [ 518838.400959495396819, 773698.593996203271672 ], [ 519838.400959495396819, 773698.593996203271672 ] ] ] } },
{ "type": "Feature", "properties": { "grid_id": "14_7", "n_landslides": 2.0, "total_area_m2": 8488.5702788141934, "mean_compactness": 0.40382848578559105, "density_km2": 2.0, "HLD_norm": 0.042553191488456321, "MAG_norm": 0.80045594082192761, "CHAN_norm": 0.64799641398275387, "LS_LRSI": 39.101266078735719, "risk_class": "High" }, "geometry": { "type": "Polygon", "coordinates": [ [ [ 519838.400959495396819, 774698.593996203271672 ], [ 519838.400959495396819, 775698.593996203271672 ], [ 518838.400959495396819, 775698.593996203271672 ], [ 518838.400959495396819, 774698.593996203271672 ], [ 519838.400959495396819, 774698.593996203271672 ] ] ] } },
{ "type": "Feature", "properties": { "grid_id": "14_8", "n_landslides": 0.0, "total_area_m2": 0.0, "mean_compactness": 0.58495690026143277, "density_km2": 0.0, "HLD_norm": 0.0, "MAG_norm": 0.0, "CHAN_norm": 0.41472604691511072, "LS_LRSI": 8.2945209383022149, "risk_class": "Low" }, "geometry": { "type": "Polygon", "coordinates": [ [ [ 519838.400959495396819, 775698.593996203271672 ], [ 519838.400959495396819, 776698.593996203271672 ], [ 518838.400959495396819, 776698.593996203271672 ], [ 518838.400959495396819, 775698.593996203271672 ], [ 519838.400959495396819, 775698.593996203271672 ] ] ] } },
{ "type": "Feature", "properties": { "grid_id": "14_9", "n_landslides": 2.0, "total_area_m2": 190.63900145321423, "mean_compactness": 0.90100666317116285, "density_km2": 2.0, "HLD_norm": 0.042553191488456321, "MAG_norm": 0.46502441986017629, "CHAN_norm": 0.0076941385370492554, "LS_LRSI": 16.232274940969088, "risk_class": "Medium" }, "geometry": { "type": "Polygon", "coordinates": [ [ [ 519838.400959495396819, 776698.593996203271672 ], [ 519838.400959495396819, 777698.593996203271672 ], [ 518838.400959495396819, 777698.593996203271672 ], [ 518838.400959495396819, 776698.593996203271672 ], [ 519838.400959495396819, 776698.593996203271672 ] ] ] } },
{ "type": "Feature", "properties": { "grid_id": "14_10", "n_landslides": 1.0, "total_area_m2": 12157.495071696054, "mean_compactness": 0.18967988059280036, "density_km2": 1.0, "HLD_norm": 0.021276595744228161, "MAG_norm": 0.83223757702446222, "CHAN_norm": 0.92379258812200715, "LS_LRSI": 44.506808860385419, "risk_class": "Very High" }, "geometry": { "type": "Polygon", "coordinates": [ [ [ 519838.400959495396819, 777698.593996203271672 ], [ 519838.400959495396819, 778698.593996203271672 ], [ 518838.400959495396819, 778698.593996203271672 ], [ 518838.400959495396819, 777698.593996203271672 ], [ 519838.400959495396819, 777698.593996203271672 ] ] ] } },
{ "type": "Feature", "properties": { "grid_id": "14_11", "n_landslides": 1.0, "total_area_m2": 5669.1789795554696, "mean_compactness": 0.64129287418654357, "density_km2": 1.0, "HLD_norm": 0.021276595744228161, "MAG_norm": 0.76474325177800329, "CHAN_norm": 0.34217247571175569, "LS_LRSI": 30.849576854786619, "risk_class": "Medium" }, "geometry": { "type": "Polygon", "coordinates": [ [ [ 519838.400959495396819, 778698.593996203271672 ], [ 519838.400959495396819, 779698.593996203271672 ], [ 518838.400959495396819, 779698.593996203271672 ], [ 518838.400959495396819, 778698.593996203271672 ], [ 519838.400959495396819, 778698.593996203271672 ] ] ] } },
{ "type": "Feature", "properties": { "grid_id": "14_12", "n_landslides": 0.0, "total_area_m2": 0.0, "mean_compactness": 0.58495690026143277, "density_km2": 0.0, "HLD_norm": 0.0, "MAG_norm": 0.0, "CHAN_norm": 0.41472604691511072, "LS_LRSI": 8.2945209383022149, "risk_class": "Low" }, "geometry": { "type": "Polygon", "coordinates": [ [ [ 519838.400959495396819, 779698.593996203271672 ], [ 519838.400959495396819, 780698.593996203271672 ], [ 518838.400959495396819, 780698.593996203271672 ], [ 518838.400959495396819, 779698.593996203271672 ], [ 519838.400959495396819, 779698.593996203271672 ] ] ] } },
{ "type": "Feature", "properties": { "grid_id": "14_13", "n_landslides": 2.0, "total_area_m2": 5974.0987911264174, "mean_compactness": 0.29924036084361733, "density_km2": 2.0, "HLD_norm": 0.042553191488456321, "MAG_norm": 0.76937790681905249, "CHAN_norm": 0.78269262035508302, "LS_LRSI": 40.862849186096049, "risk_class": "High" }, "geometry": { "type": "Polygon", "coordinates": [ [ [ 519838.400959495396819, 780698.593996203271672 ], [ 519838.400959495396819, 781698.593996203271672 ], [ 518838.400959495396819, 781698.593996203271672 ], [ 518838.400959495396819, 780698.593996203271672 ], [ 519838.400959495396819, 780698.593996203271672 ] ] ] } },
{ "type": "Feature", "properties": { "grid_id": "14_14", "n_landslides": 0.0, "total_area_m2": 0.0, "mean_compactness": 0.58495690026143277, "density_km2": 0.0, "HLD_norm": 0.0, "MAG_norm": 0.0, "CHAN_norm": 0.41472604691511072, "LS_LRSI": 8.2945209383022149, "risk_class": "Low" }, "geometry": { "type": "Polygon", "coordinates": [ [ [ 519838.400959495396819, 781698.593996203271672 ], [ 519838.400959495396819, 782698.593996203271672 ], [ 518838.400959495396819, 782698.593996203271672 ], [ 518838.400959495396819, 781698.593996203271672 ], [ 519838.400959495396819, 781698.593996203271672 ] ] ] } },
{ "type": "Feature", "properties": { "grid_id": "14_15", "n_landslides": 2.0, "total_area_m2": 3796.6838221284806, "mean_compactness": 0.57427490518916646, "density_km2": 2.0, "HLD_norm": 0.042553191488456321, "MAG_norm": 0.72927728251746693, "CHAN_norm": 0.42848309833486276, "LS_LRSI": 32.57564001664408, "risk_class": "High" }, "geometry": { "type": "Polygon", "coordinates": [ [ [ 519838.400959495396819, 782698.593996203271672 ], [ 519838.400959495396819, 783698.593996203271672 ], [ 518838.400959495396819, 783698.593996203271672 ], [ 518838.400959495396819, 782698.593996203271672 ], [ 519838.400959495396819, 782698.593996203271672 ] ] ] } },
{ "type": "Feature", "properties": { "grid_id": "14_16", "n_landslides": 0.0, "total_area_m2": 0.0, "mean_compactness": 0.58495690026143277, "density_km2": 0.0, "HLD_norm": 0.0, "MAG_norm": 0.0, "CHAN_norm": 0.41472604691511072, "LS_LRSI": 8.2945209383022149, "risk_class": "Low" }, "geometry": { "type": "Polygon", "coordinates": [ [ [ 519838.400959495396819, 783698.593996203271672 ], [ 519838.400959495396819, 784698.593996203271672 ], [ 518838.400959495396819, 784698.593996203271672 ], [ 518838.400959495396819, 783698.593996203271672 ], [ 519838.400959495396819, 783698.593996203271672 ] ] ] } },
{ "type": "Feature", "properties": { "grid_id": "14_17", "n_landslides": 0.0, "total_area_m2": 0.0, "mean_compactness": 0.58495690026143277, "density_km2": 0.0, "HLD_norm": 0.0, "MAG_norm": 0.0, "CHAN_norm": 0.41472604691511072, "LS_LRSI": 8.2945209383022149, "risk_class": "Low" }, "geometry": { "type": "Polygon", "coordinates": [ [ [ 519838.400959495396819, 784698.593996203271672 ], [ 519838.400959495396819, 785698.593996203271672 ], [ 518838.400959495396819, 785698.593996203271672 ], [ 518838.400959495396819, 784698.593996203271672 ], [ 519838.400959495396819, 784698.593996203271672 ] ] ] } },
{ "type": "Feature", "properties": { "grid_id": "15_0", "n_landslides": 0.0, "total_area_m2": 0.0, "mean_compactness": 0.58495690026143277, "density_km2": 0.0, "HLD_norm": 0.0, "MAG_norm": 0.0, "CHAN_norm": 0.41472604691511072, "LS_LRSI": 8.2945209383022149, "risk_class": "Low" }, "geometry": { "type": "Polygon", "coordinates": [ [ [ 520838.400959495396819, 767698.593996203271672 ], [ 520838.400959495396819, 768698.593996203271672 ], [ 519838.400959495396819, 768698.593996203271672 ], [ 519838.400959495396819, 767698.593996203271672 ], [ 520838.400959495396819, 767698.593996203271672 ] ] ] } },
{ "type": "Feature", "properties": { "grid_id": "15_1", "n_landslides": 0.0, "total_area_m2": 0.0, "mean_compactness": 0.58495690026143277, "density_km2": 0.0, "HLD_norm": 0.0, "MAG_norm": 0.0, "CHAN_norm": 0.41472604691511072, "LS_LRSI": 8.2945209383022149, "risk_class": "Low" }, "geometry": { "type": "Polygon", "coordinates": [ [ [ 520838.400959495396819, 768698.593996203271672 ], [ 520838.400959495396819, 769698.593996203271672 ], [ 519838.400959495396819, 769698.593996203271672 ], [ 519838.400959495396819, 768698.593996203271672 ], [ 520838.400959495396819, 768698.593996203271672 ] ] ] } },
{ "type": "Feature", "properties": { "grid_id": "15_2", "n_landslides": 0.0, "total_area_m2": 0.0, "mean_compactness": 0.58495690026143277, "density_km2": 0.0, "HLD_norm": 0.0, "MAG_norm": 0.0, "CHAN_norm": 0.41472604691511072, "LS_LRSI": 8.2945209383022149, "risk_class": "Low" }, "geometry": { "type": "Polygon", "coordinates": [ [ [ 520838.400959495396819, 769698.593996203271672 ], [ 520838.400959495396819, 770698.593996203271672 ], [ 519838.400959495396819, 770698.593996203271672 ], [ 519838.400959495396819, 769698.593996203271672 ], [ 520838.400959495396819, 769698.593996203271672 ] ] ] } },
{ "type": "Feature", "properties": { "grid_id": "15_3", "n_landslides": 0.0, "total_area_m2": 0.0, "mean_compactness": 0.58495690026143277, "density_km2": 0.0, "HLD_norm": 0.0, "MAG_norm": 0.0, "CHAN_norm": 0.41472604691511072, "LS_LRSI": 8.2945209383022149, "risk_class": "Low" }, "geometry": { "type": "Polygon", "coordinates": [ [ [ 520838.400959495396819, 770698.593996203271672 ], [ 520838.400959495396819, 771698.593996203271672 ], [ 519838.400959495396819, 771698.593996203271672 ], [ 519838.400959495396819, 770698.593996203271672 ], [ 520838.400959495396819, 770698.593996203271672 ] ] ] } },
{ "type": "Feature", "properties": { "grid_id": "15_4", "n_landslides": 0.0, "total_area_m2": 0.0, "mean_compactness": 0.58495690026143277, "density_km2": 0.0, "HLD_norm": 0.0, "MAG_norm": 0.0, "CHAN_norm": 0.41472604691511072, "LS_LRSI": 8.2945209383022149, "risk_class": "Low" }, "geometry": { "type": "Polygon", "coordinates": [ [ [ 520838.400959495396819, 771698.593996203271672 ], [ 520838.400959495396819, 772698.593996203271672 ], [ 519838.400959495396819, 772698.593996203271672 ], [ 519838.400959495396819, 771698.593996203271672 ], [ 520838.400959495396819, 771698.593996203271672 ] ] ] } },
{ "type": "Feature", "properties": { "grid_id": "15_5", "n_landslides": 0.0, "total_area_m2": 0.0, "mean_compactness": 0.58495690026143277, "density_km2": 0.0, "HLD_norm": 0.0, "MAG_norm": 0.0, "CHAN_norm": 0.41472604691511072, "LS_LRSI": 8.2945209383022149, "risk_class": "Low" }, "geometry": { "type": "Polygon", "coordinates": [ [ [ 520838.400959495396819, 772698.593996203271672 ], [ 520838.400959495396819, 773698.593996203271672 ], [ 519838.400959495396819, 773698.593996203271672 ], [ 519838.400959495396819, 772698.593996203271672 ], [ 520838.400959495396819, 772698.593996203271672 ] ] ] } },
{ "type": "Feature", "properties": { "grid_id": "15_6", "n_landslides": 0.0, "total_area_m2": 0.0, "mean_compactness": 0.58495690026143277, "density_km2": 0.0, "HLD_norm": 0.0, "MAG_norm": 0.0, "CHAN_norm": 0.41472604691511072, "LS_LRSI": 8.2945209383022149, "risk_class": "Low" }, "geometry": { "type": "Polygon", "coordinates": [ [ [ 520838.400959495396819, 773698.593996203271672 ], [ 520838.400959495396819, 774698.593996203271672 ], [ 519838.400959495396819, 774698.593996203271672 ], [ 519838.400959495396819, 773698.593996203271672 ], [ 520838.400959495396819, 773698.593996203271672 ] ] ] } },
{ "type": "Feature", "properties": { "grid_id": "15_7", "n_landslides": 0.0, "total_area_m2": 0.0, "mean_compactness": 0.58495690026143277, "density_km2": 0.0, "HLD_norm": 0.0, "MAG_norm": 0.0, "CHAN_norm": 0.41472604691511072, "LS_LRSI": 8.2945209383022149, "risk_class": "Low" }, "geometry": { "type": "Polygon", "coordinates": [ [ [ 520838.400959495396819, 774698.593996203271672 ], [ 520838.400959495396819, 775698.593996203271672 ], [ 519838.400959495396819, 775698.593996203271672 ], [ 519838.400959495396819, 774698.593996203271672 ], [ 520838.400959495396819, 774698.593996203271672 ] ] ] } },
{ "type": "Feature", "properties": { "grid_id": "15_8", "n_landslides": 0.0, "total_area_m2": 0.0, "mean_compactness": 0.58495690026143277, "density_km2": 0.0, "HLD_norm": 0.0, "MAG_norm": 0.0, "CHAN_norm": 0.41472604691511072, "LS_LRSI": 8.2945209383022149, "risk_class": "Low" }, "geometry": { "type": "Polygon", "coordinates": [ [ [ 520838.400959495396819, 775698.593996203271672 ], [ 520838.400959495396819, 776698.593996203271672 ], [ 519838.400959495396819, 776698.593996203271672 ], [ 519838.400959495396819, 775698.593996203271672 ], [ 520838.400959495396819, 775698.593996203271672 ] ] ] } },
{ "type": "Feature", "properties": { "grid_id": "15_9", "n_landslides": 0.0, "total_area_m2": 0.0, "mean_compactness": 0.58495690026143277, "density_km2": 0.0, "HLD_norm": 0.0, "MAG_norm": 0.0, "CHAN_norm": 0.41472604691511072, "LS_LRSI": 8.2945209383022149, "risk_class": "Low" }, "geometry": { "type": "Polygon", "coordinates": [ [ [ 520838.400959495396819, 776698.593996203271672 ], [ 520838.400959495396819, 777698.593996203271672 ], [ 519838.400959495396819, 777698.593996203271672 ], [ 519838.400959495396819, 776698.593996203271672 ], [ 520838.400959495396819, 776698.593996203271672 ] ] ] } },
{ "type": "Feature", "properties": { "grid_id": "15_10", "n_landslides": 0.0, "total_area_m2": 0.0, "mean_compactness": 0.58495690026143277, "density_km2": 0.0, "HLD_norm": 0.0, "MAG_norm": 0.0, "CHAN_norm": 0.41472604691511072, "LS_LRSI": 8.2945209383022149, "risk_class": "Low" }, "geometry": { "type": "Polygon", "coordinates": [ [ [ 520838.400959495396819, 777698.593996203271672 ], [ 520838.400959495396819, 778698.593996203271672 ], [ 519838.400959495396819, 778698.593996203271672 ], [ 519838.400959495396819, 777698.593996203271672 ], [ 520838.400959495396819, 777698.593996203271672 ] ] ] } },
{ "type": "Feature", "properties": { "grid_id": "15_11", "n_landslides": 0.0, "total_area_m2": 0.0, "mean_compactness": 0.58495690026143277, "density_km2": 0.0, "HLD_norm": 0.0, "MAG_norm": 0.0, "CHAN_norm": 0.41472604691511072, "LS_LRSI": 8.2945209383022149, "risk_class": "Low" }, "geometry": { "type": "Polygon", "coordinates": [ [ [ 520838.400959495396819, 778698.593996203271672 ], [ 520838.400959495396819, 779698.593996203271672 ], [ 519838.400959495396819, 779698.593996203271672 ], [ 519838.400959495396819, 778698.593996203271672 ], [ 520838.400959495396819, 778698.593996203271672 ] ] ] } },
{ "type": "Feature", "properties": { "grid_id": "15_12", "n_landslides": 0.0, "total_area_m2": 0.0, "mean_compactness": 0.58495690026143277, "density_km2": 0.0, "HLD_norm": 0.0, "MAG_norm": 0.0, "CHAN_norm": 0.41472604691511072, "LS_LRSI": 8.2945209383022149, "risk_class": "Low" }, "geometry": { "type": "Polygon", "coordinates": [ [ [ 520838.400959495396819, 779698.593996203271672 ], [ 520838.400959495396819, 780698.593996203271672 ], [ 519838.400959495396819, 780698.593996203271672 ], [ 519838.400959495396819, 779698.593996203271672 ], [ 520838.400959495396819, 779698.593996203271672 ] ] ] } },
{ "type": "Feature", "properties": { "grid_id": "15_13", "n_landslides": 0.0, "total_area_m2": 0.0, "mean_compactness": 0.58495690026143277, "density_km2": 0.0, "HLD_norm": 0.0, "MAG_norm": 0.0, "CHAN_norm": 0.41472604691511072, "LS_LRSI": 8.2945209383022149, "risk_class": "Low" }, "geometry": { "type": "Polygon", "coordinates": [ [ [ 520838.400959495396819, 780698.593996203271672 ], [ 520838.400959495396819, 781698.593996203271672 ], [ 519838.400959495396819, 781698.593996203271672 ], [ 519838.400959495396819, 780698.593996203271672 ], [ 520838.400959495396819, 780698.593996203271672 ] ] ] } },
{ "type": "Feature", "properties": { "grid_id": "15_14", "n_landslides": 0.0, "total_area_m2": 0.0, "mean_compactness": 0.58495690026143277, "density_km2": 0.0, "HLD_norm": 0.0, "MAG_norm": 0.0, "CHAN_norm": 0.41472604691511072, "LS_LRSI": 8.2945209383022149, "risk_class": "Low" }, "geometry": { "type": "Polygon", "coordinates": [ [ [ 520838.400959495396819, 781698.593996203271672 ], [ 520838.400959495396819, 782698.593996203271672 ], [ 519838.400959495396819, 782698.593996203271672 ], [ 519838.400959495396819, 781698.593996203271672 ], [ 520838.400959495396819, 781698.593996203271672 ] ] ] } },
{ "type": "Feature", "properties": { "grid_id": "15_15", "n_landslides": 0.0, "total_area_m2": 0.0, "mean_compactness": 0.58495690026143277, "density_km2": 0.0, "HLD_norm": 0.0, "MAG_norm": 0.0, "CHAN_norm": 0.41472604691511072, "LS_LRSI": 8.2945209383022149, "risk_class": "Low" }, "geometry": { "type": "Polygon", "coordinates": [ [ [ 520838.400959495396819, 782698.593996203271672 ], [ 520838.400959495396819, 783698.593996203271672 ], [ 519838.400959495396819, 783698.593996203271672 ], [ 519838.400959495396819, 782698.593996203271672 ], [ 520838.400959495396819, 782698.593996203271672 ] ] ] } },
{ "type": "Feature", "properties": { "grid_id": "15_16", "n_landslides": 0.0, "total_area_m2": 0.0, "mean_compactness": 0.58495690026143277, "density_km2": 0.0, "HLD_norm": 0.0, "MAG_norm": 0.0, "CHAN_norm": 0.41472604691511072, "LS_LRSI": 8.2945209383022149, "risk_class": "Low" }, "geometry": { "type": "Polygon", "coordinates": [ [ [ 520838.400959495396819, 783698.593996203271672 ], [ 520838.400959495396819, 784698.593996203271672 ], [ 519838.400959495396819, 784698.593996203271672 ], [ 519838.400959495396819, 783698.593996203271672 ], [ 520838.400959495396819, 783698.593996203271672 ] ] ] } },
{ "type": "Feature", "properties": { "grid_id": "15_17", "n_landslides": 0.0, "total_area_m2": 0.0, "mean_compactness": 0.58495690026143277, "density_km2": 0.0, "HLD_norm": 0.0, "MAG_norm": 0.0, "CHAN_norm": 0.41472604691511072, "LS_LRSI": 8.2945209383022149, "risk_class": "Low" }, "geometry": { "type": "Polygon", "coordinates": [ [ [ 520838.400959495396819, 784698.593996203271672 ], [ 520838.400959495396819, 785698.593996203271672 ], [ 519838.400959495396819, 785698.593996203271672 ], [ 519838.400959495396819, 784698.593996203271672 ], [ 520838.400959495396819, 784698.593996203271672 ] ] ] } },
{ "type": "Feature", "properties": { "grid_id": "16_0", "n_landslides": 0.0, "total_area_m2": 0.0, "mean_compactness": 0.58495690026143277, "density_km2": 0.0, "HLD_norm": 0.0, "MAG_norm": 0.0, "CHAN_norm": 0.41472604691511072, "LS_LRSI": 8.2945209383022149, "risk_class": "Low" }, "geometry": { "type": "Polygon", "coordinates": [ [ [ 521838.400959495396819, 767698.593996203271672 ], [ 521838.400959495396819, 768698.593996203271672 ], [ 520838.400959495396819, 768698.593996203271672 ], [ 520838.400959495396819, 767698.593996203271672 ], [ 521838.400959495396819, 767698.593996203271672 ] ] ] } },
{ "type": "Feature", "properties": { "grid_id": "16_1", "n_landslides": 0.0, "total_area_m2": 0.0, "mean_compactness": 0.58495690026143277, "density_km2": 0.0, "HLD_norm": 0.0, "MAG_norm": 0.0, "CHAN_norm": 0.41472604691511072, "LS_LRSI": 8.2945209383022149, "risk_class": "Low" }, "geometry": { "type": "Polygon", "coordinates": [ [ [ 521838.400959495396819, 768698.593996203271672 ], [ 521838.400959495396819, 769698.593996203271672 ], [ 520838.400959495396819, 769698.593996203271672 ], [ 520838.400959495396819, 768698.593996203271672 ], [ 521838.400959495396819, 768698.593996203271672 ] ] ] } },
{ "type": "Feature", "properties": { "grid_id": "16_2", "n_landslides": 0.0, "total_area_m2": 0.0, "mean_compactness": 0.58495690026143277, "density_km2": 0.0, "HLD_norm": 0.0, "MAG_norm": 0.0, "CHAN_norm": 0.41472604691511072, "LS_LRSI": 8.2945209383022149, "risk_class": "Low" }, "geometry": { "type": "Polygon", "coordinates": [ [ [ 521838.400959495396819, 769698.593996203271672 ], [ 521838.400959495396819, 770698.593996203271672 ], [ 520838.400959495396819, 770698.593996203271672 ], [ 520838.400959495396819, 769698.593996203271672 ], [ 521838.400959495396819, 769698.593996203271672 ] ] ] } },
{ "type": "Feature", "properties": { "grid_id": "16_3", "n_landslides": 0.0, "total_area_m2": 0.0, "mean_compactness": 0.58495690026143277, "density_km2": 0.0, "HLD_norm": 0.0, "MAG_norm": 0.0, "CHAN_norm": 0.41472604691511072, "LS_LRSI": 8.2945209383022149, "risk_class": "Low" }, "geometry": { "type": "Polygon", "coordinates": [ [ [ 521838.400959495396819, 770698.593996203271672 ], [ 521838.400959495396819, 771698.593996203271672 ], [ 520838.400959495396819, 771698.593996203271672 ], [ 520838.400959495396819, 770698.593996203271672 ], [ 521838.400959495396819, 770698.593996203271672 ] ] ] } },
{ "type": "Feature", "properties": { "grid_id": "16_4", "n_landslides": 0.0, "total_area_m2": 0.0, "mean_compactness": 0.58495690026143277, "density_km2": 0.0, "HLD_norm": 0.0, "MAG_norm": 0.0, "CHAN_norm": 0.41472604691511072, "LS_LRSI": 8.2945209383022149, "risk_class": "Low" }, "geometry": { "type": "Polygon", "coordinates": [ [ [ 521838.400959495396819, 771698.593996203271672 ], [ 521838.400959495396819, 772698.593996203271672 ], [ 520838.400959495396819, 772698.593996203271672 ], [ 520838.400959495396819, 771698.593996203271672 ], [ 521838.400959495396819, 771698.593996203271672 ] ] ] } },
{ "type": "Feature", "properties": { "grid_id": "16_5", "n_landslides": 0.0, "total_area_m2": 0.0, "mean_compactness": 0.58495690026143277, "density_km2": 0.0, "HLD_norm": 0.0, "MAG_norm": 0.0, "CHAN_norm": 0.41472604691511072, "LS_LRSI": 8.2945209383022149, "risk_class": "Low" }, "geometry": { "type": "Polygon", "coordinates": [ [ [ 521838.400959495396819, 772698.593996203271672 ], [ 521838.400959495396819, 773698.593996203271672 ], [ 520838.400959495396819, 773698.593996203271672 ], [ 520838.400959495396819, 772698.593996203271672 ], [ 521838.400959495396819, 772698.593996203271672 ] ] ] } },
{ "type": "Feature", "properties": { "grid_id": "16_6", "n_landslides": 0.0, "total_area_m2": 0.0, "mean_compactness": 0.58495690026143277, "density_km2": 0.0, "HLD_norm": 0.0, "MAG_norm": 0.0, "CHAN_norm": 0.41472604691511072, "LS_LRSI": 8.2945209383022149, "risk_class": "Low" }, "geometry": { "type": "Polygon", "coordinates": [ [ [ 521838.400959495396819, 773698.593996203271672 ], [ 521838.400959495396819, 774698.593996203271672 ], [ 520838.400959495396819, 774698.593996203271672 ], [ 520838.400959495396819, 773698.593996203271672 ], [ 521838.400959495396819, 773698.593996203271672 ] ] ] } },
{ "type": "Feature", "properties": { "grid_id": "16_7", "n_landslides": 0.0, "total_area_m2": 0.0, "mean_compactness": 0.58495690026143277, "density_km2": 0.0, "HLD_norm": 0.0, "MAG_norm": 0.0, "CHAN_norm": 0.41472604691511072, "LS_LRSI": 8.2945209383022149, "risk_class": "Low" }, "geometry": { "type": "Polygon", "coordinates": [ [ [ 521838.400959495396819, 774698.593996203271672 ], [ 521838.400959495396819, 775698.593996203271672 ], [ 520838.400959495396819, 775698.593996203271672 ], [ 520838.400959495396819, 774698.593996203271672 ], [ 521838.400959495396819, 774698.593996203271672 ] ] ] } },
{ "type": "Feature", "properties": { "grid_id": "16_8", "n_landslides": 0.0, "total_area_m2": 0.0, "mean_compactness": 0.58495690026143277, "density_km2": 0.0, "HLD_norm": 0.0, "MAG_norm": 0.0, "CHAN_norm": 0.41472604691511072, "LS_LRSI": 8.2945209383022149, "risk_class": "Low" }, "geometry": { "type": "Polygon", "coordinates": [ [ [ 521838.400959495396819, 775698.593996203271672 ], [ 521838.400959495396819, 776698.593996203271672 ], [ 520838.400959495396819, 776698.593996203271672 ], [ 520838.400959495396819, 775698.593996203271672 ], [ 521838.400959495396819, 775698.593996203271672 ] ] ] } },
{ "type": "Feature", "properties": { "grid_id": "16_9", "n_landslides": 0.0, "total_area_m2": 0.0, "mean_compactness": 0.58495690026143277, "density_km2": 0.0, "HLD_norm": 0.0, "MAG_norm": 0.0, "CHAN_norm": 0.41472604691511072, "LS_LRSI": 8.2945209383022149, "risk_class": "Low" }, "geometry": { "type": "Polygon", "coordinates": [ [ [ 521838.400959495396819, 776698.593996203271672 ], [ 521838.400959495396819, 777698.593996203271672 ], [ 520838.400959495396819, 777698.593996203271672 ], [ 520838.400959495396819, 776698.593996203271672 ], [ 521838.400959495396819, 776698.593996203271672 ] ] ] } },
{ "type": "Feature", "properties": { "grid_id": "16_10", "n_landslides": 1.0, "total_area_m2": 3276.3216792640874, "mean_compactness": 0.62881526609720273, "density_km2": 1.0, "HLD_norm": 0.021276595744228161, "MAG_norm": 0.71623822491642641, "CHAN_norm": 0.3582420483823372, "LS_LRSI": 29.715817502350944, "risk_class": "Medium" }, "geometry": { "type": "Polygon", "coordinates": [ [ [ 521838.400959495396819, 777698.593996203271672 ], [ 521838.400959495396819, 778698.593996203271672 ], [ 520838.400959495396819, 778698.593996203271672 ], [ 520838.400959495396819, 777698.593996203271672 ], [ 521838.400959495396819, 777698.593996203271672 ] ] ] } },
{ "type": "Feature", "properties": { "grid_id": "16_11", "n_landslides": 0.0, "total_area_m2": 0.0, "mean_compactness": 0.58495690026143277, "density_km2": 0.0, "HLD_norm": 0.0, "MAG_norm": 0.0, "CHAN_norm": 0.41472604691511072, "LS_LRSI": 8.2945209383022149, "risk_class": "Low" }, "geometry": { "type": "Polygon", "coordinates": [ [ [ 521838.400959495396819, 778698.593996203271672 ], [ 521838.400959495396819, 779698.593996203271672 ], [ 520838.400959495396819, 779698.593996203271672 ], [ 520838.400959495396819, 778698.593996203271672 ], [ 521838.400959495396819, 778698.593996203271672 ] ] ] } },
{ "type": "Feature", "properties": { "grid_id": "16_12", "n_landslides": 0.0, "total_area_m2": 0.0, "mean_compactness": 0.58495690026143277, "density_km2": 0.0, "HLD_norm": 0.0, "MAG_norm": 0.0, "CHAN_norm": 0.41472604691511072, "LS_LRSI": 8.2945209383022149, "risk_class": "Low" }, "geometry": { "type": "Polygon", "coordinates": [ [ [ 521838.400959495396819, 779698.593996203271672 ], [ 521838.400959495396819, 780698.593996203271672 ], [ 520838.400959495396819, 780698.593996203271672 ], [ 520838.400959495396819, 779698.593996203271672 ], [ 521838.400959495396819, 779698.593996203271672 ] ] ] } },
{ "type": "Feature", "properties": { "grid_id": "16_13", "n_landslides": 0.0, "total_area_m2": 0.0, "mean_compactness": 0.58495690026143277, "density_km2": 0.0, "HLD_norm": 0.0, "MAG_norm": 0.0, "CHAN_norm": 0.41472604691511072, "LS_LRSI": 8.2945209383022149, "risk_class": "Low" }, "geometry": { "type": "Polygon", "coordinates": [ [ [ 521838.400959495396819, 780698.593996203271672 ], [ 521838.400959495396819, 781698.593996203271672 ], [ 520838.400959495396819, 781698.593996203271672 ], [ 520838.400959495396819, 780698.593996203271672 ], [ 521838.400959495396819, 780698.593996203271672 ] ] ] } },
{ "type": "Feature", "properties": { "grid_id": "16_14", "n_landslides": 0.0, "total_area_m2": 0.0, "mean_compactness": 0.58495690026143277, "density_km2": 0.0, "HLD_norm": 0.0, "MAG_norm": 0.0, "CHAN_norm": 0.41472604691511072, "LS_LRSI": 8.2945209383022149, "risk_class": "Low" }, "geometry": { "type": "Polygon", "coordinates": [ [ [ 521838.400959495396819, 781698.593996203271672 ], [ 521838.400959495396819, 782698.593996203271672 ], [ 520838.400959495396819, 782698.593996203271672 ], [ 520838.400959495396819, 781698.593996203271672 ], [ 521838.400959495396819, 781698.593996203271672 ] ] ] } },
{ "type": "Feature", "properties": { "grid_id": "16_15", "n_landslides": 0.0, "total_area_m2": 0.0, "mean_compactness": 0.58495690026143277, "density_km2": 0.0, "HLD_norm": 0.0, "MAG_norm": 0.0, "CHAN_norm": 0.41472604691511072, "LS_LRSI": 8.2945209383022149, "risk_class": "Low" }, "geometry": { "type": "Polygon", "coordinates": [ [ [ 521838.400959495396819, 782698.593996203271672 ], [ 521838.400959495396819, 783698.593996203271672 ], [ 520838.400959495396819, 783698.593996203271672 ], [ 520838.400959495396819, 782698.593996203271672 ], [ 521838.400959495396819, 782698.593996203271672 ] ] ] } },
{ "type": "Feature", "properties": { "grid_id": "16_16", "n_landslides": 0.0, "total_area_m2": 0.0, "mean_compactness": 0.58495690026143277, "density_km2": 0.0, "HLD_norm": 0.0, "MAG_norm": 0.0, "CHAN_norm": 0.41472604691511072, "LS_LRSI": 8.2945209383022149, "risk_class": "Low" }, "geometry": { "type": "Polygon", "coordinates": [ [ [ 521838.400959495396819, 783698.593996203271672 ], [ 521838.400959495396819, 784698.593996203271672 ], [ 520838.400959495396819, 784698.593996203271672 ], [ 520838.400959495396819, 783698.593996203271672 ], [ 521838.400959495396819, 783698.593996203271672 ] ] ] } },
{ "type": "Feature", "properties": { "grid_id": "16_17", "n_landslides": 0.0, "total_area_m2": 0.0, "mean_compactness": 0.58495690026143277, "density_km2": 0.0, "HLD_norm": 0.0, "MAG_norm": 0.0, "CHAN_norm": 0.41472604691511072, "LS_LRSI": 8.2945209383022149, "risk_class": "Low" }, "geometry": { "type": "Polygon", "coordinates": [ [ [ 521838.400959495396819, 784698.593996203271672 ], [ 521838.400959495396819, 785698.593996203271672 ], [ 520838.400959495396819, 785698.593996203271672 ], [ 520838.400959495396819, 784698.593996203271672 ], [ 521838.400959495396819, 784698.593996203271672 ] ] ] } },
{ "type": "Feature", "properties": { "grid_id": "17_0", "n_landslides": 0.0, "total_area_m2": 0.0, "mean_compactness": 0.58495690026143277, "density_km2": 0.0, "HLD_norm": 0.0, "MAG_norm": 0.0, "CHAN_norm": 0.41472604691511072, "LS_LRSI": 8.2945209383022149, "risk_class": "Low" }, "geometry": { "type": "Polygon", "coordinates": [ [ [ 522838.400959495396819, 767698.593996203271672 ], [ 522838.400959495396819, 768698.593996203271672 ], [ 521838.400959495396819, 768698.593996203271672 ], [ 521838.400959495396819, 767698.593996203271672 ], [ 522838.400959495396819, 767698.593996203271672 ] ] ] } },
{ "type": "Feature", "properties": { "grid_id": "17_1", "n_landslides": 0.0, "total_area_m2": 0.0, "mean_compactness": 0.58495690026143277, "density_km2": 0.0, "HLD_norm": 0.0, "MAG_norm": 0.0, "CHAN_norm": 0.41472604691511072, "LS_LRSI": 8.2945209383022149, "risk_class": "Low" }, "geometry": { "type": "Polygon", "coordinates": [ [ [ 522838.400959495396819, 768698.593996203271672 ], [ 522838.400959495396819, 769698.593996203271672 ], [ 521838.400959495396819, 769698.593996203271672 ], [ 521838.400959495396819, 768698.593996203271672 ], [ 522838.400959495396819, 768698.593996203271672 ] ] ] } },
{ "type": "Feature", "properties": { "grid_id": "17_2", "n_landslides": 0.0, "total_area_m2": 0.0, "mean_compactness": 0.58495690026143277, "density_km2": 0.0, "HLD_norm": 0.0, "MAG_norm": 0.0, "CHAN_norm": 0.41472604691511072, "LS_LRSI": 8.2945209383022149, "risk_class": "Low" }, "geometry": { "type": "Polygon", "coordinates": [ [ [ 522838.400959495396819, 769698.593996203271672 ], [ 522838.400959495396819, 770698.593996203271672 ], [ 521838.400959495396819, 770698.593996203271672 ], [ 521838.400959495396819, 769698.593996203271672 ], [ 522838.400959495396819, 769698.593996203271672 ] ] ] } },
{ "type": "Feature", "properties": { "grid_id": "17_3", "n_landslides": 0.0, "total_area_m2": 0.0, "mean_compactness": 0.58495690026143277, "density_km2": 0.0, "HLD_norm": 0.0, "MAG_norm": 0.0, "CHAN_norm": 0.41472604691511072, "LS_LRSI": 8.2945209383022149, "risk_class": "Low" }, "geometry": { "type": "Polygon", "coordinates": [ [ [ 522838.400959495396819, 770698.593996203271672 ], [ 522838.400959495396819, 771698.593996203271672 ], [ 521838.400959495396819, 771698.593996203271672 ], [ 521838.400959495396819, 770698.593996203271672 ], [ 522838.400959495396819, 770698.593996203271672 ] ] ] } },
{ "type": "Feature", "properties": { "grid_id": "17_4", "n_landslides": 0.0, "total_area_m2": 0.0, "mean_compactness": 0.58495690026143277, "density_km2": 0.0, "HLD_norm": 0.0, "MAG_norm": 0.0, "CHAN_norm": 0.41472604691511072, "LS_LRSI": 8.2945209383022149, "risk_class": "Low" }, "geometry": { "type": "Polygon", "coordinates": [ [ [ 522838.400959495396819, 771698.593996203271672 ], [ 522838.400959495396819, 772698.593996203271672 ], [ 521838.400959495396819, 772698.593996203271672 ], [ 521838.400959495396819, 771698.593996203271672 ], [ 522838.400959495396819, 771698.593996203271672 ] ] ] } },
{ "type": "Feature", "properties": { "grid_id": "17_5", "n_landslides": 0.0, "total_area_m2": 0.0, "mean_compactness": 0.58495690026143277, "density_km2": 0.0, "HLD_norm": 0.0, "MAG_norm": 0.0, "CHAN_norm": 0.41472604691511072, "LS_LRSI": 8.2945209383022149, "risk_class": "Low" }, "geometry": { "type": "Polygon", "coordinates": [ [ [ 522838.400959495396819, 772698.593996203271672 ], [ 522838.400959495396819, 773698.593996203271672 ], [ 521838.400959495396819, 773698.593996203271672 ], [ 521838.400959495396819, 772698.593996203271672 ], [ 522838.400959495396819, 772698.593996203271672 ] ] ] } },
{ "type": "Feature", "properties": { "grid_id": "17_6", "n_landslides": 0.0, "total_area_m2": 0.0, "mean_compactness": 0.58495690026143277, "density_km2": 0.0, "HLD_norm": 0.0, "MAG_norm": 0.0, "CHAN_norm": 0.41472604691511072, "LS_LRSI": 8.2945209383022149, "risk_class": "Low" }, "geometry": { "type": "Polygon", "coordinates": [ [ [ 522838.400959495396819, 773698.593996203271672 ], [ 522838.400959495396819, 774698.593996203271672 ], [ 521838.400959495396819, 774698.593996203271672 ], [ 521838.400959495396819, 773698.593996203271672 ], [ 522838.400959495396819, 773698.593996203271672 ] ] ] } },
{ "type": "Feature", "properties": { "grid_id": "17_7", "n_landslides": 0.0, "total_area_m2": 0.0, "mean_compactness": 0.58495690026143277, "density_km2": 0.0, "HLD_norm": 0.0, "MAG_norm": 0.0, "CHAN_norm": 0.41472604691511072, "LS_LRSI": 8.2945209383022149, "risk_class": "Low" }, "geometry": { "type": "Polygon", "coordinates": [ [ [ 522838.400959495396819, 774698.593996203271672 ], [ 522838.400959495396819, 775698.593996203271672 ], [ 521838.400959495396819, 775698.593996203271672 ], [ 521838.400959495396819, 774698.593996203271672 ], [ 522838.400959495396819, 774698.593996203271672 ] ] ] } },
{ "type": "Feature", "properties": { "grid_id": "17_8", "n_landslides": 0.0, "total_area_m2": 0.0, "mean_compactness": 0.58495690026143277, "density_km2": 0.0, "HLD_norm": 0.0, "MAG_norm": 0.0, "CHAN_norm": 0.41472604691511072, "LS_LRSI": 8.2945209383022149, "risk_class": "Low" }, "geometry": { "type": "Polygon", "coordinates": [ [ [ 522838.400959495396819, 775698.593996203271672 ], [ 522838.400959495396819, 776698.593996203271672 ], [ 521838.400959495396819, 776698.593996203271672 ], [ 521838.400959495396819, 775698.593996203271672 ], [ 522838.400959495396819, 775698.593996203271672 ] ] ] } },
{ "type": "Feature", "properties": { "grid_id": "17_9", "n_landslides": 0.0, "total_area_m2": 0.0, "mean_compactness": 0.58495690026143277, "density_km2": 0.0, "HLD_norm": 0.0, "MAG_norm": 0.0, "CHAN_norm": 0.41472604691511072, "LS_LRSI": 8.2945209383022149, "risk_class": "Low" }, "geometry": { "type": "Polygon", "coordinates": [ [ [ 522838.400959495396819, 776698.593996203271672 ], [ 522838.400959495396819, 777698.593996203271672 ], [ 521838.400959495396819, 777698.593996203271672 ], [ 521838.400959495396819, 776698.593996203271672 ], [ 522838.400959495396819, 776698.593996203271672 ] ] ] } },
{ "type": "Feature", "properties": { "grid_id": "17_10", "n_landslides": 0.0, "total_area_m2": 0.0, "mean_compactness": 0.58495690026143277, "density_km2": 0.0, "HLD_norm": 0.0, "MAG_norm": 0.0, "CHAN_norm": 0.41472604691511072, "LS_LRSI": 8.2945209383022149, "risk_class": "Low" }, "geometry": { "type": "Polygon", "coordinates": [ [ [ 522838.400959495396819, 777698.593996203271672 ], [ 522838.400959495396819, 778698.593996203271672 ], [ 521838.400959495396819, 778698.593996203271672 ], [ 521838.400959495396819, 777698.593996203271672 ], [ 522838.400959495396819, 777698.593996203271672 ] ] ] } },
{ "type": "Feature", "properties": { "grid_id": "17_11", "n_landslides": 0.0, "total_area_m2": 0.0, "mean_compactness": 0.58495690026143277, "density_km2": 0.0, "HLD_norm": 0.0, "MAG_norm": 0.0, "CHAN_norm": 0.41472604691511072, "LS_LRSI": 8.2945209383022149, "risk_class": "Low" }, "geometry": { "type": "Polygon", "coordinates": [ [ [ 522838.400959495396819, 778698.593996203271672 ], [ 522838.400959495396819, 779698.593996203271672 ], [ 521838.400959495396819, 779698.593996203271672 ], [ 521838.400959495396819, 778698.593996203271672 ], [ 522838.400959495396819, 778698.593996203271672 ] ] ] } },
{ "type": "Feature", "properties": { "grid_id": "17_12", "n_landslides": 0.0, "total_area_m2": 0.0, "mean_compactness": 0.58495690026143277, "density_km2": 0.0, "HLD_norm": 0.0, "MAG_norm": 0.0, "CHAN_norm": 0.41472604691511072, "LS_LRSI": 8.2945209383022149, "risk_class": "Low" }, "geometry": { "type": "Polygon", "coordinates": [ [ [ 522838.400959495396819, 779698.593996203271672 ], [ 522838.400959495396819, 780698.593996203271672 ], [ 521838.400959495396819, 780698.593996203271672 ], [ 521838.400959495396819, 779698.593996203271672 ], [ 522838.400959495396819, 779698.593996203271672 ] ] ] } },
{ "type": "Feature", "properties": { "grid_id": "17_13", "n_landslides": 0.0, "total_area_m2": 0.0, "mean_compactness": 0.58495690026143277, "density_km2": 0.0, "HLD_norm": 0.0, "MAG_norm": 0.0, "CHAN_norm": 0.41472604691511072, "LS_LRSI": 8.2945209383022149, "risk_class": "Low" }, "geometry": { "type": "Polygon", "coordinates": [ [ [ 522838.400959495396819, 780698.593996203271672 ], [ 522838.400959495396819, 781698.593996203271672 ], [ 521838.400959495396819, 781698.593996203271672 ], [ 521838.400959495396819, 780698.593996203271672 ], [ 522838.400959495396819, 780698.593996203271672 ] ] ] } },
{ "type": "Feature", "properties": { "grid_id": "17_14", "n_landslides": 0.0, "total_area_m2": 0.0, "mean_compactness": 0.58495690026143277, "density_km2": 0.0, "HLD_norm": 0.0, "MAG_norm": 0.0, "CHAN_norm": 0.41472604691511072, "LS_LRSI": 8.2945209383022149, "risk_class": "Low" }, "geometry": { "type": "Polygon", "coordinates": [ [ [ 522838.400959495396819, 781698.593996203271672 ], [ 522838.400959495396819, 782698.593996203271672 ], [ 521838.400959495396819, 782698.593996203271672 ], [ 521838.400959495396819, 781698.593996203271672 ], [ 522838.400959495396819, 781698.593996203271672 ] ] ] } },
{ "type": "Feature", "properties": { "grid_id": "17_15", "n_landslides": 0.0, "total_area_m2": 0.0, "mean_compactness": 0.58495690026143277, "density_km2": 0.0, "HLD_norm": 0.0, "MAG_norm": 0.0, "CHAN_norm": 0.41472604691511072, "LS_LRSI": 8.2945209383022149, "risk_class": "Low" }, "geometry": { "type": "Polygon", "coordinates": [ [ [ 522838.400959495396819, 782698.593996203271672 ], [ 522838.400959495396819, 783698.593996203271672 ], [ 521838.400959495396819, 783698.593996203271672 ], [ 521838.400959495396819, 782698.593996203271672 ], [ 522838.400959495396819, 782698.593996203271672 ] ] ] } },
{ "type": "Feature", "properties": { "grid_id": "17_16", "n_landslides": 0.0, "total_area_m2": 0.0, "mean_compactness": 0.58495690026143277, "density_km2": 0.0, "HLD_norm": 0.0, "MAG_norm": 0.0, "CHAN_norm": 0.41472604691511072, "LS_LRSI": 8.2945209383022149, "risk_class": "Low" }, "geometry": { "type": "Polygon", "coordinates": [ [ [ 522838.400959495396819, 783698.593996203271672 ], [ 522838.400959495396819, 784698.593996203271672 ], [ 521838.400959495396819, 784698.593996203271672 ], [ 521838.400959495396819, 783698.593996203271672 ], [ 522838.400959495396819, 783698.593996203271672 ] ] ] } },
{ "type": "Feature", "properties": { "grid_id": "17_17", "n_landslides": 0.0, "total_area_m2": 0.0, "mean_compactness": 0.58495690026143277, "density_km2": 0.0, "HLD_norm": 0.0, "MAG_norm": 0.0, "CHAN_norm": 0.41472604691511072, "LS_LRSI": 8.2945209383022149, "risk_class": "Low" }, "geometry": { "type": "Polygon", "coordinates": [ [ [ 522838.400959495396819, 784698.593996203271672 ], [ 522838.400959495396819, 785698.593996203271672 ], [ 521838.400959495396819, 785698.593996203271672 ], [ 521838.400959495396819, 784698.593996203271672 ], [ 522838.400959495396819, 784698.593996203271672 ] ] ] } }
]
}
